USE [BDDLocation]
GO
SET IDENTITY_INSERT [dbo].[CLIENTS] ON 
GO
INSERT [dbo].[CLIENTS] ([ID], [NOM], [PRENOM], [DATENAISSANCE], [ADRESSE], [CODEPOSTAL], [VILLE]) VALUES (1, N'Cowell', N'Shaylyn', CAST(N'1996-09-07' AS Date), N'681 Bowman Alley', N'36750', N'PARIS')
GO
INSERT [dbo].[CLIENTS] ([ID], [NOM], [PRENOM], [DATENAISSANCE], [ADRESSE], [CODEPOSTAL], [VILLE]) VALUES (2, N'Bostick', N'Corabel', CAST(N'1961-06-27' AS Date), N'9 Glacier Hill Street', NULL, N'LYON')
GO
INSERT [dbo].[CLIENTS] ([ID], [NOM], [PRENOM], [DATENAISSANCE], [ADRESSE], [CODEPOSTAL], [VILLE]) VALUES (3, N'Hanstock', N'Merle', CAST(N'2000-01-14' AS Date), N'7 Dahle Pass', N'347639', N'PARIS')
GO
INSERT [dbo].[CLIENTS] ([ID], [NOM], [PRENOM], [DATENAISSANCE], [ADRESSE], [CODEPOSTAL], [VILLE]) VALUES (4, N'Scolland', N'Gram', CAST(N'1952-01-24' AS Date), N'8235 Tomscot Lane', N'38800', N'LYON')
GO
INSERT [dbo].[CLIENTS] ([ID], [NOM], [PRENOM], [DATENAISSANCE], [ADRESSE], [CODEPOSTAL], [VILLE]) VALUES (5, N'Revie', N'Caterina', CAST(N'1992-03-23' AS Date), N'84 Schurz Point', N'85246', N'PARIS')
GO
INSERT [dbo].[CLIENTS] ([ID], [NOM], [PRENOM], [DATENAISSANCE], [ADRESSE], [CODEPOSTAL], [VILLE]) VALUES (6, N'Powys', N'Cornie', CAST(N'1976-04-20' AS Date), N'002 Express Trail', N'38-411', N'PARIS')
GO
INSERT [dbo].[CLIENTS] ([ID], [NOM], [PRENOM], [DATENAISSANCE], [ADRESSE], [CODEPOSTAL], [VILLE]) VALUES (7, N'McAtamney', N'Darci', CAST(N'2009-12-05' AS Date), N'315 Grasskamp Street', N'32450-000', N'LYON')
GO
INSERT [dbo].[CLIENTS] ([ID], [NOM], [PRENOM], [DATENAISSANCE], [ADRESSE], [CODEPOSTAL], [VILLE]) VALUES (8, N'Dron', N'Alejoa', CAST(N'1996-01-14' AS Date), N'433 Erie Court', N'06912', N'LYON')
GO
INSERT [dbo].[CLIENTS] ([ID], [NOM], [PRENOM], [DATENAISSANCE], [ADRESSE], [CODEPOSTAL], [VILLE]) VALUES (9, N'Cortes', N'Cathy', CAST(N'1964-05-05' AS Date), N'26968 Schlimgen Hill', NULL, N'LYON')
GO
INSERT [dbo].[CLIENTS] ([ID], [NOM], [PRENOM], [DATENAISSANCE], [ADRESSE], [CODEPOSTAL], [VILLE]) VALUES (10, N'Pidgin', N'Aluin', CAST(N'1961-12-05' AS Date), N'051 Darwin Crossing', N'90-557', N'PARIS')
GO
INSERT [dbo].[CLIENTS] ([ID], [NOM], [PRENOM], [DATENAISSANCE], [ADRESSE], [CODEPOSTAL], [VILLE]) VALUES (11, N'Chadband', N'Myrtia', CAST(N'1953-09-23' AS Date), N'20071 Bashford Drive', NULL, N'MARSEILLE')
GO
INSERT [dbo].[CLIENTS] ([ID], [NOM], [PRENOM], [DATENAISSANCE], [ADRESSE], [CODEPOSTAL], [VILLE]) VALUES (12, N'De Bernardi', N'Mickey', CAST(N'1962-08-19' AS Date), N'162 Cordelia Junction', NULL, N'MARSEILLE')
GO
INSERT [dbo].[CLIENTS] ([ID], [NOM], [PRENOM], [DATENAISSANCE], [ADRESSE], [CODEPOSTAL], [VILLE]) VALUES (13, N'Rowat', N'Ekaterina', CAST(N'1976-05-11' AS Date), N'12 Basil Point', N'17690-000', N'LYON')
GO
INSERT [dbo].[CLIENTS] ([ID], [NOM], [PRENOM], [DATENAISSANCE], [ADRESSE], [CODEPOSTAL], [VILLE]) VALUES (14, N'Drust', N'Willdon', CAST(N'1974-10-13' AS Date), N'659 Colorado Parkway', NULL, N'PARIS')
GO
INSERT [dbo].[CLIENTS] ([ID], [NOM], [PRENOM], [DATENAISSANCE], [ADRESSE], [CODEPOSTAL], [VILLE]) VALUES (15, N'Khotler', N'Valeria', CAST(N'1990-08-11' AS Date), N'422 Mesta Parkway', NULL, N'MARSEILLE')
GO
INSERT [dbo].[CLIENTS] ([ID], [NOM], [PRENOM], [DATENAISSANCE], [ADRESSE], [CODEPOSTAL], [VILLE]) VALUES (16, N'Despenser', N'Wes', CAST(N'1952-09-18' AS Date), N'509 Dexter Terrace', N'861-0133', N'MARSEILLE')
GO
INSERT [dbo].[CLIENTS] ([ID], [NOM], [PRENOM], [DATENAISSANCE], [ADRESSE], [CODEPOSTAL], [VILLE]) VALUES (17, N'Eate', N'Carey', CAST(N'1965-08-06' AS Date), N'2172 Ludington Center', NULL, N'LYON')
GO
INSERT [dbo].[CLIENTS] ([ID], [NOM], [PRENOM], [DATENAISSANCE], [ADRESSE], [CODEPOSTAL], [VILLE]) VALUES (18, N'Vinsen', N'Merell', CAST(N'1955-08-24' AS Date), N'1 Sugar Terrace', NULL, N'PARIS')
GO
INSERT [dbo].[CLIENTS] ([ID], [NOM], [PRENOM], [DATENAISSANCE], [ADRESSE], [CODEPOSTAL], [VILLE]) VALUES (19, N'Ruilton', N'Chrisy', CAST(N'1981-03-31' AS Date), N'2 Talmadge Avenue', N'84240-000', N'PARIS')
GO
INSERT [dbo].[CLIENTS] ([ID], [NOM], [PRENOM], [DATENAISSANCE], [ADRESSE], [CODEPOSTAL], [VILLE]) VALUES (20, N'Aird', N'Grant', CAST(N'1955-02-01' AS Date), N'3997 Sunbrook Avenue', NULL, N'LYON')
GO
INSERT [dbo].[CLIENTS] ([ID], [NOM], [PRENOM], [DATENAISSANCE], [ADRESSE], [CODEPOSTAL], [VILLE]) VALUES (21, N'Muzzi', N'Lorenza', CAST(N'2008-05-09' AS Date), N'4608 Ilene Road', NULL, N'MARSEILLE')
GO
INSERT [dbo].[CLIENTS] ([ID], [NOM], [PRENOM], [DATENAISSANCE], [ADRESSE], [CODEPOSTAL], [VILLE]) VALUES (22, N'Clare', N'Dominik', CAST(N'1962-09-08' AS Date), N'6570 Mosinee Place', NULL, N'MARSEILLE')
GO
INSERT [dbo].[CLIENTS] ([ID], [NOM], [PRENOM], [DATENAISSANCE], [ADRESSE], [CODEPOSTAL], [VILLE]) VALUES (23, N'Bartzen', N'Mathew', CAST(N'1981-09-24' AS Date), N'11 Prairieview Parkway', NULL, N'PARIS')
GO
INSERT [dbo].[CLIENTS] ([ID], [NOM], [PRENOM], [DATENAISSANCE], [ADRESSE], [CODEPOSTAL], [VILLE]) VALUES (24, N'Hobbert', N'Meade', CAST(N'2007-08-04' AS Date), N'80335 Burrows Drive', NULL, N'LYON')
GO
INSERT [dbo].[CLIENTS] ([ID], [NOM], [PRENOM], [DATENAISSANCE], [ADRESSE], [CODEPOSTAL], [VILLE]) VALUES (25, N'Teck', N'Dorette', CAST(N'1993-08-27' AS Date), N'92 International Court', N'103 70', N'PARIS')
GO
INSERT [dbo].[CLIENTS] ([ID], [NOM], [PRENOM], [DATENAISSANCE], [ADRESSE], [CODEPOSTAL], [VILLE]) VALUES (26, N'Sear', N'Gene', CAST(N'1979-02-02' AS Date), N'89 Stuart Park', N'38-512', N'Sanok')
GO
INSERT [dbo].[CLIENTS] ([ID], [NOM], [PRENOM], [DATENAISSANCE], [ADRESSE], [CODEPOSTAL], [VILLE]) VALUES (27, N'Jefford', N'Nadia', CAST(N'2003-04-20' AS Date), N'05 Golden Leaf Court', NULL, N'MONTPELLIER')
GO
INSERT [dbo].[CLIENTS] ([ID], [NOM], [PRENOM], [DATENAISSANCE], [ADRESSE], [CODEPOSTAL], [VILLE]) VALUES (28, N'Smees', N'Emilee', CAST(N'1987-04-14' AS Date), N'3234 Iowa Circle', N'178057', N'MONTPELLIER')
GO
INSERT [dbo].[CLIENTS] ([ID], [NOM], [PRENOM], [DATENAISSANCE], [ADRESSE], [CODEPOSTAL], [VILLE]) VALUES (29, N'Dooland', N'Myrwyn', CAST(N'1986-08-08' AS Date), N'1525 Meadow Valley Avenue', N'5035', N'MONTPELLIER')
GO
INSERT [dbo].[CLIENTS] ([ID], [NOM], [PRENOM], [DATENAISSANCE], [ADRESSE], [CODEPOSTAL], [VILLE]) VALUES (30, N'Giddins', N'Jany', CAST(N'1965-09-23' AS Date), N'6311 Northridge Circle', N'2246', N'LYON')
GO
INSERT [dbo].[CLIENTS] ([ID], [NOM], [PRENOM], [DATENAISSANCE], [ADRESSE], [CODEPOSTAL], [VILLE]) VALUES (31, N'Ferrarotti', N'Edvard', CAST(N'1964-01-15' AS Date), N'9027 Pine View Avenue', NULL, N'PARIS')
GO
INSERT [dbo].[CLIENTS] ([ID], [NOM], [PRENOM], [DATENAISSANCE], [ADRESSE], [CODEPOSTAL], [VILLE]) VALUES (32, N'Mulrenan', N'Jessey', CAST(N'1993-09-03' AS Date), N'11 Scoville Trail', NULL, N'LYON')
GO
INSERT [dbo].[CLIENTS] ([ID], [NOM], [PRENOM], [DATENAISSANCE], [ADRESSE], [CODEPOSTAL], [VILLE]) VALUES (33, N'Youthed', N'Willow', CAST(N'2002-03-27' AS Date), N'1 Coolidge Parkway', NULL, N'PARIS')
GO
INSERT [dbo].[CLIENTS] ([ID], [NOM], [PRENOM], [DATENAISSANCE], [ADRESSE], [CODEPOSTAL], [VILLE]) VALUES (34, N'Long', N'Susan', CAST(N'1982-04-25' AS Date), N'8 Transport Circle', N'841 23', N'LYON')
GO
INSERT [dbo].[CLIENTS] ([ID], [NOM], [PRENOM], [DATENAISSANCE], [ADRESSE], [CODEPOSTAL], [VILLE]) VALUES (35, N'Truitt', N'Felisha', CAST(N'2005-02-12' AS Date), N'469 Canary Center', NULL, N'MONTPELLIER')
GO
INSERT [dbo].[CLIENTS] ([ID], [NOM], [PRENOM], [DATENAISSANCE], [ADRESSE], [CODEPOSTAL], [VILLE]) VALUES (36, N'Lepper', N'Michel', CAST(N'2005-05-05' AS Date), N'8511 Gateway Point', NULL, N'PARIS')
GO
INSERT [dbo].[CLIENTS] ([ID], [NOM], [PRENOM], [DATENAISSANCE], [ADRESSE], [CODEPOSTAL], [VILLE]) VALUES (37, N'Huntar', N'Aila', CAST(N'1999-05-13' AS Date), N'6680 Kings Crossing', NULL, N'PARIS')
GO
INSERT [dbo].[CLIENTS] ([ID], [NOM], [PRENOM], [DATENAISSANCE], [ADRESSE], [CODEPOSTAL], [VILLE]) VALUES (38, N'Millsom', N'Gene', CAST(N'1959-01-13' AS Date), N'28823 Linden Crossing', NULL, N'LYON')
GO
INSERT [dbo].[CLIENTS] ([ID], [NOM], [PRENOM], [DATENAISSANCE], [ADRESSE], [CODEPOSTAL], [VILLE]) VALUES (39, N'Ruby', N'Cherilyn', CAST(N'1974-03-13' AS Date), N'57737 1st Center', NULL, N'MONTPELLIER')
GO
INSERT [dbo].[CLIENTS] ([ID], [NOM], [PRENOM], [DATENAISSANCE], [ADRESSE], [CODEPOSTAL], [VILLE]) VALUES (40, N'Tee', N'My', CAST(N'1974-05-22' AS Date), N'6 Coolidge Circle', N'23250', N'LYON')
GO
INSERT [dbo].[CLIENTS] ([ID], [NOM], [PRENOM], [DATENAISSANCE], [ADRESSE], [CODEPOSTAL], [VILLE]) VALUES (41, N'Westell', N'Denyse', CAST(N'1965-12-04' AS Date), N'68 Messerschmidt Place', NULL, N'MONTPELLIER')
GO
INSERT [dbo].[CLIENTS] ([ID], [NOM], [PRENOM], [DATENAISSANCE], [ADRESSE], [CODEPOSTAL], [VILLE]) VALUES (42, N'Week', N'Demeter', CAST(N'1996-06-03' AS Date), N'12505 Moulton Center', N'515-2605', N'MONTPELLIER')
GO
INSERT [dbo].[CLIENTS] ([ID], [NOM], [PRENOM], [DATENAISSANCE], [ADRESSE], [CODEPOSTAL], [VILLE]) VALUES (43, N'Alexander', N'Sioux', CAST(N'2006-11-07' AS Date), N'5 Summer Ridge Circle', NULL, N'LYON')
GO
INSERT [dbo].[CLIENTS] ([ID], [NOM], [PRENOM], [DATENAISSANCE], [ADRESSE], [CODEPOSTAL], [VILLE]) VALUES (44, N'Gilleson', N'Gasper', CAST(N'1977-08-28' AS Date), N'754 8th Avenue', N'215435', N'LYON')
GO
INSERT [dbo].[CLIENTS] ([ID], [NOM], [PRENOM], [DATENAISSANCE], [ADRESSE], [CODEPOSTAL], [VILLE]) VALUES (46, N'Diggar', N'Daffie', CAST(N'1953-07-08' AS Date), N'9 Sycamore Parkway', NULL, N'MONTPELLIER')
GO
INSERT [dbo].[CLIENTS] ([ID], [NOM], [PRENOM], [DATENAISSANCE], [ADRESSE], [CODEPOSTAL], [VILLE]) VALUES (47, N'Weitzel', N'Birk', CAST(N'1951-01-25' AS Date), N'6109 Chive Drive', NULL, N'PARIS')
GO
INSERT [dbo].[CLIENTS] ([ID], [NOM], [PRENOM], [DATENAISSANCE], [ADRESSE], [CODEPOSTAL], [VILLE]) VALUES (48, N'Zambonini', N'Brocky', CAST(N'2004-01-17' AS Date), N'6160 Bunker Hill Plaza', N'055827', N'PARIS')
GO
INSERT [dbo].[CLIENTS] ([ID], [NOM], [PRENOM], [DATENAISSANCE], [ADRESSE], [CODEPOSTAL], [VILLE]) VALUES (49, N'Pughe', N'Kris', CAST(N'1988-09-01' AS Date), N'61 Talisman Hill', N'38610-000', N'PARIS')
GO
INSERT [dbo].[CLIENTS] ([ID], [NOM], [PRENOM], [DATENAISSANCE], [ADRESSE], [CODEPOSTAL], [VILLE]) VALUES (50, N'Rickerby', N'Dud', CAST(N'2009-02-18' AS Date), N'52711 Rowland Drive', N'3517', N'PARIS')
GO
SET IDENTITY_INSERT [dbo].[CLIENTS] OFF
GO
SET IDENTITY_INSERT [dbo].[CATEGORIES] ON 
GO
INSERT [dbo].[CATEGORIES] ([ID], [LIBELLE], [PRIXKM]) VALUES (1, N'Mini', 57)
GO
INSERT [dbo].[CATEGORIES] ([ID], [LIBELLE], [PRIXKM]) VALUES (2, N'Economique', 66)
GO
INSERT [dbo].[CATEGORIES] ([ID], [LIBELLE], [PRIXKM]) VALUES (3, N'Compacte', 83)
GO
INSERT [dbo].[CATEGORIES] ([ID], [LIBELLE], [PRIXKM]) VALUES (4, N'Routière', 98)
GO
INSERT [dbo].[CATEGORIES] ([ID], [LIBELLE], [PRIXKM]) VALUES (5, N'SUV', 130)
GO
INSERT [dbo].[CATEGORIES] ([ID], [LIBELLE], [PRIXKM]) VALUES (6, N'Break', 115)
GO
INSERT [dbo].[CATEGORIES] ([ID], [LIBELLE], [PRIXKM]) VALUES (7, N'Sport / Luxe', 210)
GO
INSERT [dbo].[CATEGORIES] ([ID], [LIBELLE], [PRIXKM]) VALUES (8, N'Monospace', 150)
GO
SET IDENTITY_INSERT [dbo].[CATEGORIES] OFF
GO
SET IDENTITY_INSERT [dbo].[MARQUES] ON 
GO
INSERT [dbo].[MARQUES] ([ID], [NOM]) VALUES (1, N'AUDI')
GO
INSERT [dbo].[MARQUES] ([ID], [NOM]) VALUES (2, N'SEAT')
GO
INSERT [dbo].[MARQUES] ([ID], [NOM]) VALUES (3, N'PEUGEOT')
GO
INSERT [dbo].[MARQUES] ([ID], [NOM]) VALUES (4, N'RENAULT')
GO
INSERT [dbo].[MARQUES] ([ID], [NOM]) VALUES (5, N'BMW')
GO
INSERT [dbo].[MARQUES] ([ID], [NOM]) VALUES (6, N'CITROEN')
GO
INSERT [dbo].[MARQUES] ([ID], [NOM]) VALUES (7, N'ALFA  ROMEO')
GO
INSERT [dbo].[MARQUES] ([ID], [NOM]) VALUES (8, N'MAZDA')
GO
INSERT [dbo].[MARQUES] ([ID], [NOM]) VALUES (9, N'OPEL')
GO
INSERT [dbo].[MARQUES] ([ID], [NOM]) VALUES (10, N'FERRARI')
GO
INSERT [dbo].[MARQUES] ([ID], [NOM]) VALUES (11, N'BUGATTI')
GO
INSERT [dbo].[MARQUES] ([ID], [NOM]) VALUES (12, N'MCLAREN')
GO
INSERT [dbo].[MARQUES] ([ID], [NOM]) VALUES (13, N'FIAT')
GO
SET IDENTITY_INSERT [dbo].[MARQUES] OFF
GO
SET IDENTITY_INSERT [dbo].[VEHICULES] ON 
GO
INSERT [dbo].[VEHICULES] ([ID], [IMMATRICULATION], [MODELE], [COULEUR], [MARQUEID], [CATEGORIEID]) VALUES (1, N'ER-452-ZE', N'500', N'ROUGE', 13, 1)
GO
INSERT [dbo].[VEHICULES] ([ID], [IMMATRICULATION], [MODELE], [COULEUR], [MARQUEID], [CATEGORIEID]) VALUES (2, N'PO-452-PM', N'Leon', N'BLEU', 2, 4)
GO
INSERT [dbo].[VEHICULES] ([ID], [IMMATRICULATION], [MODELE], [COULEUR], [MARQUEID], [CATEGORIEID]) VALUES (3, N'TF-825-IL', N'Multiplat', N'BEIGE', 13, 8)
GO
INSERT [dbo].[VEHICULES] ([ID], [IMMATRICULATION], [MODELE], [COULEUR], [MARQUEID], [CATEGORIEID]) VALUES (5, N'FR-854-AL', N'A1', N'BLANC', 1, 3)
GO
INSERT [dbo].[VEHICULES] ([ID], [IMMATRICULATION], [MODELE], [COULEUR], [MARQUEID], [CATEGORIEID]) VALUES (6, N'EF-917-DI', N'147', N'NOIR', 7, 3)
GO
INSERT [dbo].[VEHICULES] ([ID], [IMMATRICULATION], [MODELE], [COULEUR], [MARQUEID], [CATEGORIEID]) VALUES (8, N'EF-105-DI', N'Insigna', N'NOIR', 9, 6)
GO
INSERT [dbo].[VEHICULES] ([ID], [IMMATRICULATION], [MODELE], [COULEUR], [MARQUEID], [CATEGORIEID]) VALUES (9, N'DR-938-VY', N'Astra', N'GRIS', 9, 4)
GO
INSERT [dbo].[VEHICULES] ([ID], [IMMATRICULATION], [MODELE], [COULEUR], [MARQUEID], [CATEGORIEID]) VALUES (10, N'HG-452-AO', N'Testarossa', N'ROUGE', 10, 7)
GO
INSERT [dbo].[VEHICULES] ([ID], [IMMATRICULATION], [MODELE], [COULEUR], [MARQUEID], [CATEGORIEID]) VALUES (11, N'ML-452-DJ', N'P1', N'GRIS', 12, 7)
GO
INSERT [dbo].[VEHICULES] ([ID], [IMMATRICULATION], [MODELE], [COULEUR], [MARQUEID], [CATEGORIEID]) VALUES (12, N'DS-542-12', N'Clio', N'VERT', 4, 2)
GO
INSERT [dbo].[VEHICULES] ([ID], [IMMATRICULATION], [MODELE], [COULEUR], [MARQUEID], [CATEGORIEID]) VALUES (14, N'LD-154-86', N'Clio', N'NOIR', 4, 2)
GO
INSERT [dbo].[VEHICULES] ([ID], [IMMATRICULATION], [MODELE], [COULEUR], [MARQUEID], [CATEGORIEID]) VALUES (15, N'ZE-986-75', N'Megane', N'GRIS', 4, 4)
GO
INSERT [dbo].[VEHICULES] ([ID], [IMMATRICULATION], [MODELE], [COULEUR], [MARQUEID], [CATEGORIEID]) VALUES (16, N'PM-452-QS', N'Corsa', N'BLANC', 9, 3)
GO
INSERT [dbo].[VEHICULES] ([ID], [IMMATRICULATION], [MODELE], [COULEUR], [MARQUEID], [CATEGORIEID]) VALUES (17, N'FV-452-DE', N'Leon', N'BLANC', 2, 4)
GO
INSERT [dbo].[VEHICULES] ([ID], [IMMATRICULATION], [MODELE], [COULEUR], [MARQUEID], [CATEGORIEID]) VALUES (18, N'DO-895-SA', N'Veyron', N'NOIR', 11, 7)
GO
INSERT [dbo].[VEHICULES] ([ID], [IMMATRICULATION], [MODELE], [COULEUR], [MARQUEID], [CATEGORIEID]) VALUES (19, N'CD-452-AZ', N'Cactus', N'VIOLET', 6, 5)
GO
INSERT [dbo].[VEHICULES] ([ID], [IMMATRICULATION], [MODELE], [COULEUR], [MARQUEID], [CATEGORIEID]) VALUES (20, N'GO-456-AZ', N'I8', N'BLANC', 5, 7)
GO
INSERT [dbo].[VEHICULES] ([ID], [IMMATRICULATION], [MODELE], [COULEUR], [MARQUEID], [CATEGORIEID]) VALUES (21, N'ED-653-AC', N'2', N'NOIR', 8, 3)
GO
INSERT [dbo].[VEHICULES] ([ID], [IMMATRICULATION], [MODELE], [COULEUR], [MARQUEID], [CATEGORIEID]) VALUES (22, N'RE-561-VF', N'308', N'NOIR', 3, 4)
GO
INSERT [dbo].[VEHICULES] ([ID], [IMMATRICULATION], [MODELE], [COULEUR], [MARQUEID], [CATEGORIEID]) VALUES (23, N'RE-896-CD', N'A3', N'BLANC', 1, 4)
GO
INSERT [dbo].[VEHICULES] ([ID], [IMMATRICULATION], [MODELE], [COULEUR], [MARQUEID], [CATEGORIEID]) VALUES (24, N'RD-124-ER', N'Leon', N'VERT', 2, 4)
GO
INSERT [dbo].[VEHICULES] ([ID], [IMMATRICULATION], [MODELE], [COULEUR], [MARQUEID], [CATEGORIEID]) VALUES (25, N'1554-RD-34', N'405', N'BLANC', 3, 6)
GO
INSERT [dbo].[VEHICULES] ([ID], [IMMATRICULATION], [MODELE], [COULEUR], [MARQUEID], [CATEGORIEID]) VALUES (26, N'VD-500-GD', N'Ibiza', N'NOIR', 2, 3)
GO
INSERT [dbo].[VEHICULES] ([ID], [IMMATRICULATION], [MODELE], [COULEUR], [MARQUEID], [CATEGORIEID]) VALUES (27, N'PO-145-DL', N'C1', N'BLANC', 6, 3)
GO
INSERT [dbo].[VEHICULES] ([ID], [IMMATRICULATION], [MODELE], [COULEUR], [MARQUEID], [CATEGORIEID]) VALUES (28, N'GE-150-ER', N'S3', N'NOIR', 1, 4)
GO
INSERT [dbo].[VEHICULES] ([ID], [IMMATRICULATION], [MODELE], [COULEUR], [MARQUEID], [CATEGORIEID]) VALUES (29, N'ML-158-VE', N'MX5', N'NOIR', 8, 5)
GO
INSERT [dbo].[VEHICULES] ([ID], [IMMATRICULATION], [MODELE], [COULEUR], [MARQUEID], [CATEGORIEID]) VALUES (30, N'TR-517-PO', N'Adam', N'BLANC', 9, 1)
GO
INSERT [dbo].[VEHICULES] ([ID], [IMMATRICULATION], [MODELE], [COULEUR], [MARQUEID], [CATEGORIEID]) VALUES (31, N'TR-482-AZ', N'ATECA', N'BLANC', 2, 5)
GO
SET IDENTITY_INSERT [dbo].[VEHICULES] OFF
GO
SET IDENTITY_INSERT [dbo].[LOCATIONS] ON 
GO
INSERT [dbo].[LOCATIONS] ([ID], [CLIENTID], [VEHICULEID], [NBKM], [DATEDEBUT], [DATEFIN]) VALUES (1, 8, 29, 292, CAST(N'2017-11-17' AS Date), CAST(N'2018-03-31' AS Date))
GO
INSERT [dbo].[LOCATIONS] ([ID], [CLIENTID], [VEHICULEID], [NBKM], [DATEDEBUT], [DATEFIN]) VALUES (2, 48, 12, 261, CAST(N'2018-02-03' AS Date), CAST(N'2018-04-03' AS Date))
GO
INSERT [dbo].[LOCATIONS] ([ID], [CLIENTID], [VEHICULEID], [NBKM], [DATEDEBUT], [DATEFIN]) VALUES (3, 42, 6, 284, CAST(N'2018-02-12' AS Date), CAST(N'2018-01-01' AS Date))
GO
INSERT [dbo].[LOCATIONS] ([ID], [CLIENTID], [VEHICULEID], [NBKM], [DATEDEBUT], [DATEFIN]) VALUES (4, 42, 17, 152, CAST(N'2018-01-24' AS Date), CAST(N'2018-04-16' AS Date))
GO
INSERT [dbo].[LOCATIONS] ([ID], [CLIENTID], [VEHICULEID], [NBKM], [DATEDEBUT], [DATEFIN]) VALUES (5, 23, 6, 174, CAST(N'2017-11-09' AS Date), CAST(N'2018-05-17' AS Date))
GO
INSERT [dbo].[LOCATIONS] ([ID], [CLIENTID], [VEHICULEID], [NBKM], [DATEDEBUT], [DATEFIN]) VALUES (6, 3, 20, 52, CAST(N'2018-03-13' AS Date), CAST(N'2018-07-17' AS Date))
GO
INSERT [dbo].[LOCATIONS] ([ID], [CLIENTID], [VEHICULEID], [NBKM], [DATEDEBUT], [DATEFIN]) VALUES (8, 48, 10, 104, CAST(N'2018-06-02' AS Date), CAST(N'2018-02-08' AS Date))
GO
INSERT [dbo].[LOCATIONS] ([ID], [CLIENTID], [VEHICULEID], [NBKM], [DATEDEBUT], [DATEFIN]) VALUES (10, 12, 15, 235, CAST(N'2018-02-23' AS Date), CAST(N'2018-02-01' AS Date))
GO
INSERT [dbo].[LOCATIONS] ([ID], [CLIENTID], [VEHICULEID], [NBKM], [DATEDEBUT], [DATEFIN]) VALUES (11, 34, 15, 50, CAST(N'2018-06-28' AS Date), CAST(N'2018-07-21' AS Date))
GO
INSERT [dbo].[LOCATIONS] ([ID], [CLIENTID], [VEHICULEID], [NBKM], [DATEDEBUT], [DATEFIN]) VALUES (12, 35, 11, 142, CAST(N'2018-04-30' AS Date), CAST(N'2018-07-24' AS Date))
GO
INSERT [dbo].[LOCATIONS] ([ID], [CLIENTID], [VEHICULEID], [NBKM], [DATEDEBUT], [DATEFIN]) VALUES (14, 11, 14, 195, CAST(N'2018-04-28' AS Date), CAST(N'2018-07-26' AS Date))
GO
INSERT [dbo].[LOCATIONS] ([ID], [CLIENTID], [VEHICULEID], [NBKM], [DATEDEBUT], [DATEFIN]) VALUES (15, 13, 11, 199, CAST(N'2018-02-23' AS Date), CAST(N'2018-06-25' AS Date))
GO
INSERT [dbo].[LOCATIONS] ([ID], [CLIENTID], [VEHICULEID], [NBKM], [DATEDEBUT], [DATEFIN]) VALUES (16, 8, 22, 160, CAST(N'2018-05-28' AS Date), CAST(N'2018-07-13' AS Date))
GO
INSERT [dbo].[LOCATIONS] ([ID], [CLIENTID], [VEHICULEID], [NBKM], [DATEDEBUT], [DATEFIN]) VALUES (17, 47, 5, 91, CAST(N'2018-03-05' AS Date), CAST(N'2018-07-08' AS Date))
GO
INSERT [dbo].[LOCATIONS] ([ID], [CLIENTID], [VEHICULEID], [NBKM], [DATEDEBUT], [DATEFIN]) VALUES (18, 11, 8, 217, CAST(N'2018-04-03' AS Date), CAST(N'2018-03-01' AS Date))
GO
INSERT [dbo].[LOCATIONS] ([ID], [CLIENTID], [VEHICULEID], [NBKM], [DATEDEBUT], [DATEFIN]) VALUES (19, 7, 30, 284, CAST(N'2018-06-07' AS Date), CAST(N'2017-12-20' AS Date))
GO
INSERT [dbo].[LOCATIONS] ([ID], [CLIENTID], [VEHICULEID], [NBKM], [DATEDEBUT], [DATEFIN]) VALUES (20, 12, 10, 162, CAST(N'2018-06-05' AS Date), CAST(N'2018-06-01' AS Date))
GO
INSERT [dbo].[LOCATIONS] ([ID], [CLIENTID], [VEHICULEID], [NBKM], [DATEDEBUT], [DATEFIN]) VALUES (21, 44, 26, 105, CAST(N'2018-06-28' AS Date), CAST(N'2018-01-16' AS Date))
GO
INSERT [dbo].[LOCATIONS] ([ID], [CLIENTID], [VEHICULEID], [NBKM], [DATEDEBUT], [DATEFIN]) VALUES (22, 14, 11, 247, CAST(N'2018-01-10' AS Date), CAST(N'2018-01-19' AS Date))
GO
INSERT [dbo].[LOCATIONS] ([ID], [CLIENTID], [VEHICULEID], [NBKM], [DATEDEBUT], [DATEFIN]) VALUES (23, 47, 18, 238, CAST(N'2018-01-13' AS Date), CAST(N'2018-03-27' AS Date))
GO
INSERT [dbo].[LOCATIONS] ([ID], [CLIENTID], [VEHICULEID], [NBKM], [DATEDEBUT], [DATEFIN]) VALUES (25, 22, 12, 265, CAST(N'2018-05-04' AS Date), CAST(N'2018-06-01' AS Date))
GO
INSERT [dbo].[LOCATIONS] ([ID], [CLIENTID], [VEHICULEID], [NBKM], [DATEDEBUT], [DATEFIN]) VALUES (26, 25, 5, 237, CAST(N'2018-04-03' AS Date), CAST(N'2018-08-17' AS Date))
GO
INSERT [dbo].[LOCATIONS] ([ID], [CLIENTID], [VEHICULEID], [NBKM], [DATEDEBUT], [DATEFIN]) VALUES (27, 14, 24, 127, CAST(N'2018-07-16' AS Date), CAST(N'2017-12-14' AS Date))
GO
INSERT [dbo].[LOCATIONS] ([ID], [CLIENTID], [VEHICULEID], [NBKM], [DATEDEBUT], [DATEFIN]) VALUES (28, 31, 5, 214, CAST(N'2018-05-31' AS Date), CAST(N'2018-01-20' AS Date))
GO
INSERT [dbo].[LOCATIONS] ([ID], [CLIENTID], [VEHICULEID], [NBKM], [DATEDEBUT], [DATEFIN]) VALUES (29, 7, 22, 242, CAST(N'2018-02-14' AS Date), CAST(N'2018-07-14' AS Date))
GO
INSERT [dbo].[LOCATIONS] ([ID], [CLIENTID], [VEHICULEID], [NBKM], [DATEDEBUT], [DATEFIN]) VALUES (30, 36, 14, 192, CAST(N'2018-07-06' AS Date), CAST(N'2017-12-22' AS Date))
GO
INSERT [dbo].[LOCATIONS] ([ID], [CLIENTID], [VEHICULEID], [NBKM], [DATEDEBUT], [DATEFIN]) VALUES (31, 30, 24, 274, CAST(N'2018-06-19' AS Date), CAST(N'2018-03-07' AS Date))
GO
INSERT [dbo].[LOCATIONS] ([ID], [CLIENTID], [VEHICULEID], [NBKM], [DATEDEBUT], [DATEFIN]) VALUES (32, 19, 1, 76, CAST(N'2017-12-30' AS Date), CAST(N'2018-05-12' AS Date))
GO
INSERT [dbo].[LOCATIONS] ([ID], [CLIENTID], [VEHICULEID], [NBKM], [DATEDEBUT], [DATEFIN]) VALUES (33, 29, 28, 168, CAST(N'2017-11-25' AS Date), CAST(N'2018-07-31' AS Date))
GO
INSERT [dbo].[LOCATIONS] ([ID], [CLIENTID], [VEHICULEID], [NBKM], [DATEDEBUT], [DATEFIN]) VALUES (34, 49, 9, 169, CAST(N'2018-05-22' AS Date), CAST(N'2018-07-15' AS Date))
GO
INSERT [dbo].[LOCATIONS] ([ID], [CLIENTID], [VEHICULEID], [NBKM], [DATEDEBUT], [DATEFIN]) VALUES (36, 23, 20, 131, CAST(N'2017-12-29' AS Date), CAST(N'2018-01-07' AS Date))
GO
INSERT [dbo].[LOCATIONS] ([ID], [CLIENTID], [VEHICULEID], [NBKM], [DATEDEBUT], [DATEFIN]) VALUES (37, 48, 3, 213, CAST(N'2018-07-28' AS Date), CAST(N'2018-03-07' AS Date))
GO
INSERT [dbo].[LOCATIONS] ([ID], [CLIENTID], [VEHICULEID], [NBKM], [DATEDEBUT], [DATEFIN]) VALUES (38, 29, 2, 189, CAST(N'2018-02-09' AS Date), CAST(N'2018-06-11' AS Date))
GO
INSERT [dbo].[LOCATIONS] ([ID], [CLIENTID], [VEHICULEID], [NBKM], [DATEDEBUT], [DATEFIN]) VALUES (39, 41, 6, 89, CAST(N'2018-01-02' AS Date), CAST(N'2018-02-28' AS Date))
GO
INSERT [dbo].[LOCATIONS] ([ID], [CLIENTID], [VEHICULEID], [NBKM], [DATEDEBUT], [DATEFIN]) VALUES (40, 46, 16, 235, CAST(N'2018-06-15' AS Date), CAST(N'2018-01-26' AS Date))
GO
INSERT [dbo].[LOCATIONS] ([ID], [CLIENTID], [VEHICULEID], [NBKM], [DATEDEBUT], [DATEFIN]) VALUES (41, 1, 15, 264, CAST(N'2017-11-14' AS Date), CAST(N'2018-01-10' AS Date))
GO
INSERT [dbo].[LOCATIONS] ([ID], [CLIENTID], [VEHICULEID], [NBKM], [DATEDEBUT], [DATEFIN]) VALUES (42, 5, 14, 79, CAST(N'2017-11-08' AS Date), CAST(N'2018-07-02' AS Date))
GO
INSERT [dbo].[LOCATIONS] ([ID], [CLIENTID], [VEHICULEID], [NBKM], [DATEDEBUT], [DATEFIN]) VALUES (43, 37, 16, 194, CAST(N'2018-01-05' AS Date), CAST(N'2018-05-02' AS Date))
GO
INSERT [dbo].[LOCATIONS] ([ID], [CLIENTID], [VEHICULEID], [NBKM], [DATEDEBUT], [DATEFIN]) VALUES (44, 10, 21, 227, CAST(N'2017-12-31' AS Date), CAST(N'2018-04-28' AS Date))
GO
INSERT [dbo].[LOCATIONS] ([ID], [CLIENTID], [VEHICULEID], [NBKM], [DATEDEBUT], [DATEFIN]) VALUES (45, 40, 30, 226, CAST(N'2018-01-30' AS Date), CAST(N'2018-04-20' AS Date))
GO
INSERT [dbo].[LOCATIONS] ([ID], [CLIENTID], [VEHICULEID], [NBKM], [DATEDEBUT], [DATEFIN]) VALUES (46, 39, 11, 135, CAST(N'2018-02-05' AS Date), CAST(N'2018-01-19' AS Date))
GO
INSERT [dbo].[LOCATIONS] ([ID], [CLIENTID], [VEHICULEID], [NBKM], [DATEDEBUT], [DATEFIN]) VALUES (49, 7, 26, 100, CAST(N'2017-12-13' AS Date), CAST(N'2018-01-22' AS Date))
GO
INSERT [dbo].[LOCATIONS] ([ID], [CLIENTID], [VEHICULEID], [NBKM], [DATEDEBUT], [DATEFIN]) VALUES (50, 34, 11, 96, CAST(N'2018-05-09' AS Date), CAST(N'2018-03-14' AS Date))
GO
INSERT [dbo].[LOCATIONS] ([ID], [CLIENTID], [VEHICULEID], [NBKM], [DATEDEBUT], [DATEFIN]) VALUES (51, 12, 24, 196, CAST(N'2018-07-24' AS Date), CAST(N'2017-12-18' AS Date))
GO
INSERT [dbo].[LOCATIONS] ([ID], [CLIENTID], [VEHICULEID], [NBKM], [DATEDEBUT], [DATEFIN]) VALUES (52, 31, 23, 135, CAST(N'2018-07-24' AS Date), CAST(N'2018-06-19' AS Date))
GO
INSERT [dbo].[LOCATIONS] ([ID], [CLIENTID], [VEHICULEID], [NBKM], [DATEDEBUT], [DATEFIN]) VALUES (53, 41, 23, 57, CAST(N'2018-01-27' AS Date), CAST(N'2017-12-02' AS Date))
GO
INSERT [dbo].[LOCATIONS] ([ID], [CLIENTID], [VEHICULEID], [NBKM], [DATEDEBUT], [DATEFIN]) VALUES (55, 46, 6, 299, CAST(N'2017-12-24' AS Date), CAST(N'2018-06-11' AS Date))
GO
INSERT [dbo].[LOCATIONS] ([ID], [CLIENTID], [VEHICULEID], [NBKM], [DATEDEBUT], [DATEFIN]) VALUES (56, 19, 18, 71, CAST(N'2018-02-05' AS Date), CAST(N'2018-06-05' AS Date))
GO
INSERT [dbo].[LOCATIONS] ([ID], [CLIENTID], [VEHICULEID], [NBKM], [DATEDEBUT], [DATEFIN]) VALUES (57, 9, 29, 298, CAST(N'2018-07-02' AS Date), CAST(N'2018-06-26' AS Date))
GO
INSERT [dbo].[LOCATIONS] ([ID], [CLIENTID], [VEHICULEID], [NBKM], [DATEDEBUT], [DATEFIN]) VALUES (58, 28, 25, 65, CAST(N'2018-04-23' AS Date), CAST(N'2018-01-09' AS Date))
GO
INSERT [dbo].[LOCATIONS] ([ID], [CLIENTID], [VEHICULEID], [NBKM], [DATEDEBUT], [DATEFIN]) VALUES (59, 47, 15, 291, CAST(N'2017-11-18' AS Date), CAST(N'2018-02-20' AS Date))
GO
INSERT [dbo].[LOCATIONS] ([ID], [CLIENTID], [VEHICULEID], [NBKM], [DATEDEBUT], [DATEFIN]) VALUES (60, 2, 1, 240, CAST(N'2018-07-18' AS Date), CAST(N'2018-01-29' AS Date))
GO
INSERT [dbo].[LOCATIONS] ([ID], [CLIENTID], [VEHICULEID], [NBKM], [DATEDEBUT], [DATEFIN]) VALUES (61, 33, 17, 288, CAST(N'2018-07-06' AS Date), CAST(N'2017-12-18' AS Date))
GO
INSERT [dbo].[LOCATIONS] ([ID], [CLIENTID], [VEHICULEID], [NBKM], [DATEDEBUT], [DATEFIN]) VALUES (62, 23, 28, 143, CAST(N'2018-05-20' AS Date), CAST(N'2018-04-15' AS Date))
GO
INSERT [dbo].[LOCATIONS] ([ID], [CLIENTID], [VEHICULEID], [NBKM], [DATEDEBUT], [DATEFIN]) VALUES (63, 8, 30, 107, CAST(N'2018-06-16' AS Date), CAST(N'2018-05-03' AS Date))
GO
INSERT [dbo].[LOCATIONS] ([ID], [CLIENTID], [VEHICULEID], [NBKM], [DATEDEBUT], [DATEFIN]) VALUES (64, 1, 6, 53, CAST(N'2018-07-29' AS Date), CAST(N'2017-12-24' AS Date))
GO
INSERT [dbo].[LOCATIONS] ([ID], [CLIENTID], [VEHICULEID], [NBKM], [DATEDEBUT], [DATEFIN]) VALUES (65, 26, 24, 149, CAST(N'2018-06-01' AS Date), CAST(N'2022-01-19' AS Date))
GO
INSERT [dbo].[LOCATIONS] ([ID], [CLIENTID], [VEHICULEID], [NBKM], [DATEDEBUT], [DATEFIN]) VALUES (66, 27, 6, 225, CAST(N'2018-03-13' AS Date), CAST(N'2018-05-10' AS Date))
GO
INSERT [dbo].[LOCATIONS] ([ID], [CLIENTID], [VEHICULEID], [NBKM], [DATEDEBUT], [DATEFIN]) VALUES (67, 48, 17, 108, CAST(N'2018-05-12' AS Date), CAST(N'2018-05-11' AS Date))
GO
INSERT [dbo].[LOCATIONS] ([ID], [CLIENTID], [VEHICULEID], [NBKM], [DATEDEBUT], [DATEFIN]) VALUES (69, 32, 19, 226, CAST(N'2018-05-28' AS Date), CAST(N'2018-03-11' AS Date))
GO
INSERT [dbo].[LOCATIONS] ([ID], [CLIENTID], [VEHICULEID], [NBKM], [DATEDEBUT], [DATEFIN]) VALUES (70, 16, 22, 163, CAST(N'2018-01-06' AS Date), CAST(N'2018-05-17' AS Date))
GO
INSERT [dbo].[LOCATIONS] ([ID], [CLIENTID], [VEHICULEID], [NBKM], [DATEDEBUT], [DATEFIN]) VALUES (71, 4, 27, 178, CAST(N'2018-04-10' AS Date), CAST(N'2018-04-10' AS Date))
GO
INSERT [dbo].[LOCATIONS] ([ID], [CLIENTID], [VEHICULEID], [NBKM], [DATEDEBUT], [DATEFIN]) VALUES (72, 31, 10, 248, CAST(N'2017-12-06' AS Date), CAST(N'2017-12-23' AS Date))
GO
INSERT [dbo].[LOCATIONS] ([ID], [CLIENTID], [VEHICULEID], [NBKM], [DATEDEBUT], [DATEFIN]) VALUES (73, 40, 2, 290, CAST(N'2018-05-29' AS Date), CAST(N'2018-03-26' AS Date))
GO
INSERT [dbo].[LOCATIONS] ([ID], [CLIENTID], [VEHICULEID], [NBKM], [DATEDEBUT], [DATEFIN]) VALUES (74, 30, 8, 148, CAST(N'2018-04-12' AS Date), CAST(N'2018-02-16' AS Date))
GO
INSERT [dbo].[LOCATIONS] ([ID], [CLIENTID], [VEHICULEID], [NBKM], [DATEDEBUT], [DATEFIN]) VALUES (75, 32, 24, 136, CAST(N'2017-12-17' AS Date), CAST(N'2018-06-03' AS Date))
GO
INSERT [dbo].[LOCATIONS] ([ID], [CLIENTID], [VEHICULEID], [NBKM], [DATEDEBUT], [DATEFIN]) VALUES (76, 41, 5, 128, CAST(N'2018-01-05' AS Date), CAST(N'2018-06-09' AS Date))
GO
INSERT [dbo].[LOCATIONS] ([ID], [CLIENTID], [VEHICULEID], [NBKM], [DATEDEBUT], [DATEFIN]) VALUES (77, 8, 19, 255, CAST(N'2018-05-28' AS Date), CAST(N'2018-08-14' AS Date))
GO
INSERT [dbo].[LOCATIONS] ([ID], [CLIENTID], [VEHICULEID], [NBKM], [DATEDEBUT], [DATEFIN]) VALUES (78, 17, 24, 115, CAST(N'2018-02-07' AS Date), CAST(N'2018-01-29' AS Date))
GO
INSERT [dbo].[LOCATIONS] ([ID], [CLIENTID], [VEHICULEID], [NBKM], [DATEDEBUT], [DATEFIN]) VALUES (79, 2, 11, 88, CAST(N'2018-07-05' AS Date), CAST(N'2018-07-30' AS Date))
GO
INSERT [dbo].[LOCATIONS] ([ID], [CLIENTID], [VEHICULEID], [NBKM], [DATEDEBUT], [DATEFIN]) VALUES (80, 4, 16, 162, CAST(N'2018-07-21' AS Date), CAST(N'2018-03-04' AS Date))
GO
INSERT [dbo].[LOCATIONS] ([ID], [CLIENTID], [VEHICULEID], [NBKM], [DATEDEBUT], [DATEFIN]) VALUES (81, 21, 22, 232, CAST(N'2017-11-30' AS Date), CAST(N'2018-01-11' AS Date))
GO
INSERT [dbo].[LOCATIONS] ([ID], [CLIENTID], [VEHICULEID], [NBKM], [DATEDEBUT], [DATEFIN]) VALUES (82, 34, 14, 104, CAST(N'2018-02-18' AS Date), CAST(N'2018-01-23' AS Date))
GO
INSERT [dbo].[LOCATIONS] ([ID], [CLIENTID], [VEHICULEID], [NBKM], [DATEDEBUT], [DATEFIN]) VALUES (83, 16, 14, 286, CAST(N'2018-07-11' AS Date), CAST(N'2018-05-14' AS Date))
GO
INSERT [dbo].[LOCATIONS] ([ID], [CLIENTID], [VEHICULEID], [NBKM], [DATEDEBUT], [DATEFIN]) VALUES (84, 8, 21, 96, CAST(N'2018-04-09' AS Date), CAST(N'2018-05-11' AS Date))
GO
INSERT [dbo].[LOCATIONS] ([ID], [CLIENTID], [VEHICULEID], [NBKM], [DATEDEBUT], [DATEFIN]) VALUES (85, 46, 20, 177, CAST(N'2018-04-30' AS Date), CAST(N'2018-06-18' AS Date))
GO
INSERT [dbo].[LOCATIONS] ([ID], [CLIENTID], [VEHICULEID], [NBKM], [DATEDEBUT], [DATEFIN]) VALUES (86, 10, 16, 233, CAST(N'2017-12-29' AS Date), CAST(N'2018-07-08' AS Date))
GO
INSERT [dbo].[LOCATIONS] ([ID], [CLIENTID], [VEHICULEID], [NBKM], [DATEDEBUT], [DATEFIN]) VALUES (87, 9, 9, 160, CAST(N'2018-07-04' AS Date), CAST(N'2017-12-27' AS Date))
GO
INSERT [dbo].[LOCATIONS] ([ID], [CLIENTID], [VEHICULEID], [NBKM], [DATEDEBUT], [DATEFIN]) VALUES (88, 11, 18, 194, CAST(N'2017-12-29' AS Date), CAST(N'2018-07-27' AS Date))
GO
INSERT [dbo].[LOCATIONS] ([ID], [CLIENTID], [VEHICULEID], [NBKM], [DATEDEBUT], [DATEFIN]) VALUES (90, 15, 10, 164, CAST(N'2018-01-12' AS Date), CAST(N'2018-03-02' AS Date))
GO
INSERT [dbo].[LOCATIONS] ([ID], [CLIENTID], [VEHICULEID], [NBKM], [DATEDEBUT], [DATEFIN]) VALUES (91, 2, 6, 139, CAST(N'2018-02-23' AS Date), CAST(N'2018-08-08' AS Date))
GO
INSERT [dbo].[LOCATIONS] ([ID], [CLIENTID], [VEHICULEID], [NBKM], [DATEDEBUT], [DATEFIN]) VALUES (92, 25, 29, 153, CAST(N'2018-07-30' AS Date), CAST(N'2018-05-02' AS Date))
GO
INSERT [dbo].[LOCATIONS] ([ID], [CLIENTID], [VEHICULEID], [NBKM], [DATEDEBUT], [DATEFIN]) VALUES (94, 4, 6, 120, CAST(N'2018-04-05' AS Date), CAST(N'2018-08-01' AS Date))
GO
INSERT [dbo].[LOCATIONS] ([ID], [CLIENTID], [VEHICULEID], [NBKM], [DATEDEBUT], [DATEFIN]) VALUES (95, 13, 29, 167, CAST(N'2018-07-21' AS Date), CAST(N'2018-04-27' AS Date))
GO
INSERT [dbo].[LOCATIONS] ([ID], [CLIENTID], [VEHICULEID], [NBKM], [DATEDEBUT], [DATEFIN]) VALUES (96, 18, 21, 214, CAST(N'2018-05-10' AS Date), CAST(N'2018-04-01' AS Date))
GO
INSERT [dbo].[LOCATIONS] ([ID], [CLIENTID], [VEHICULEID], [NBKM], [DATEDEBUT], [DATEFIN]) VALUES (97, 19, 15, 258, CAST(N'2018-04-17' AS Date), CAST(N'2017-12-06' AS Date))
GO
INSERT [dbo].[LOCATIONS] ([ID], [CLIENTID], [VEHICULEID], [NBKM], [DATEDEBUT], [DATEFIN]) VALUES (98, 20, 14, 269, CAST(N'2018-01-26' AS Date), CAST(N'2018-01-29' AS Date))
GO
INSERT [dbo].[LOCATIONS] ([ID], [CLIENTID], [VEHICULEID], [NBKM], [DATEDEBUT], [DATEFIN]) VALUES (99, 47, 20, 147, CAST(N'2017-12-11' AS Date), CAST(N'2017-12-03' AS Date))
GO
INSERT [dbo].[LOCATIONS] ([ID], [CLIENTID], [VEHICULEID], [NBKM], [DATEDEBUT], [DATEFIN]) VALUES (100, 39, 14, 59, CAST(N'2017-11-19' AS Date), CAST(N'2018-02-22' AS Date))
GO
INSERT [dbo].[LOCATIONS] ([ID], [CLIENTID], [VEHICULEID], [NBKM], [DATEDEBUT], [DATEFIN]) VALUES (101, 6, 10, 205, CAST(N'2017-12-28' AS Date), CAST(N'2018-03-12' AS Date))
GO
INSERT [dbo].[LOCATIONS] ([ID], [CLIENTID], [VEHICULEID], [NBKM], [DATEDEBUT], [DATEFIN]) VALUES (102, 46, 23, 142, CAST(N'2018-02-17' AS Date), CAST(N'2018-04-07' AS Date))
GO
INSERT [dbo].[LOCATIONS] ([ID], [CLIENTID], [VEHICULEID], [NBKM], [DATEDEBUT], [DATEFIN]) VALUES (103, 43, 2, 212, CAST(N'2018-02-05' AS Date), CAST(N'2018-02-14' AS Date))
GO
INSERT [dbo].[LOCATIONS] ([ID], [CLIENTID], [VEHICULEID], [NBKM], [DATEDEBUT], [DATEFIN]) VALUES (104, 31, 17, 300, CAST(N'2018-02-09' AS Date), CAST(N'2018-02-13' AS Date))
GO
INSERT [dbo].[LOCATIONS] ([ID], [CLIENTID], [VEHICULEID], [NBKM], [DATEDEBUT], [DATEFIN]) VALUES (105, 14, 21, 276, CAST(N'2018-05-25' AS Date), CAST(N'2018-02-05' AS Date))
GO
INSERT [dbo].[LOCATIONS] ([ID], [CLIENTID], [VEHICULEID], [NBKM], [DATEDEBUT], [DATEFIN]) VALUES (106, 34, 23, 79, CAST(N'2018-04-30' AS Date), CAST(N'2017-12-26' AS Date))
GO
INSERT [dbo].[LOCATIONS] ([ID], [CLIENTID], [VEHICULEID], [NBKM], [DATEDEBUT], [DATEFIN]) VALUES (107, 3, 9, 138, CAST(N'2018-05-16' AS Date), CAST(N'2018-06-28' AS Date))
GO
INSERT [dbo].[LOCATIONS] ([ID], [CLIENTID], [VEHICULEID], [NBKM], [DATEDEBUT], [DATEFIN]) VALUES (108, 42, 28, 80, CAST(N'2018-05-10' AS Date), CAST(N'2018-02-25' AS Date))
GO
INSERT [dbo].[LOCATIONS] ([ID], [CLIENTID], [VEHICULEID], [NBKM], [DATEDEBUT], [DATEFIN]) VALUES (109, 8, 21, 249, CAST(N'2018-02-24' AS Date), CAST(N'2017-12-22' AS Date))
GO
INSERT [dbo].[LOCATIONS] ([ID], [CLIENTID], [VEHICULEID], [NBKM], [DATEDEBUT], [DATEFIN]) VALUES (110, 37, 24, 116, CAST(N'2018-07-30' AS Date), CAST(N'2018-04-23' AS Date))
GO
INSERT [dbo].[LOCATIONS] ([ID], [CLIENTID], [VEHICULEID], [NBKM], [DATEDEBUT], [DATEFIN]) VALUES (111, 10, 19, 153, CAST(N'2018-07-10' AS Date), CAST(N'2017-12-23' AS Date))
GO
INSERT [dbo].[LOCATIONS] ([ID], [CLIENTID], [VEHICULEID], [NBKM], [DATEDEBUT], [DATEFIN]) VALUES (112, 6, 19, 117, CAST(N'2017-11-13' AS Date), CAST(N'2018-03-04' AS Date))
GO
INSERT [dbo].[LOCATIONS] ([ID], [CLIENTID], [VEHICULEID], [NBKM], [DATEDEBUT], [DATEFIN]) VALUES (113, 34, 1, 85, CAST(N'2017-12-24' AS Date), CAST(N'2018-06-19' AS Date))
GO
INSERT [dbo].[LOCATIONS] ([ID], [CLIENTID], [VEHICULEID], [NBKM], [DATEDEBUT], [DATEFIN]) VALUES (114, 30, 14, 61, CAST(N'2017-11-04' AS Date), CAST(N'2018-04-26' AS Date))
GO
INSERT [dbo].[LOCATIONS] ([ID], [CLIENTID], [VEHICULEID], [NBKM], [DATEDEBUT], [DATEFIN]) VALUES (115, 28, 22, 81, CAST(N'2017-12-18' AS Date), CAST(N'2018-08-06' AS Date))
GO
INSERT [dbo].[LOCATIONS] ([ID], [CLIENTID], [VEHICULEID], [NBKM], [DATEDEBUT], [DATEFIN]) VALUES (116, 37, 16, 137, CAST(N'2018-05-15' AS Date), CAST(N'2018-01-06' AS Date))
GO
INSERT [dbo].[LOCATIONS] ([ID], [CLIENTID], [VEHICULEID], [NBKM], [DATEDEBUT], [DATEFIN]) VALUES (117, 30, 18, 164, CAST(N'2018-07-06' AS Date), CAST(N'2018-06-13' AS Date))
GO
INSERT [dbo].[LOCATIONS] ([ID], [CLIENTID], [VEHICULEID], [NBKM], [DATEDEBUT], [DATEFIN]) VALUES (118, 1, 23, 177, CAST(N'2018-05-13' AS Date), CAST(N'2018-03-08' AS Date))
GO
INSERT [dbo].[LOCATIONS] ([ID], [CLIENTID], [VEHICULEID], [NBKM], [DATEDEBUT], [DATEFIN]) VALUES (119, 31, 1, 122, CAST(N'2018-07-16' AS Date), CAST(N'2018-06-26' AS Date))
GO
INSERT [dbo].[LOCATIONS] ([ID], [CLIENTID], [VEHICULEID], [NBKM], [DATEDEBUT], [DATEFIN]) VALUES (120, 46, 24, 50, CAST(N'2018-05-17' AS Date), CAST(N'2018-01-19' AS Date))
GO
INSERT [dbo].[LOCATIONS] ([ID], [CLIENTID], [VEHICULEID], [NBKM], [DATEDEBUT], [DATEFIN]) VALUES (121, 17, 20, 125, CAST(N'2017-12-19' AS Date), CAST(N'2018-05-14' AS Date))
GO
INSERT [dbo].[LOCATIONS] ([ID], [CLIENTID], [VEHICULEID], [NBKM], [DATEDEBUT], [DATEFIN]) VALUES (122, 28, 10, 168, CAST(N'2017-12-02' AS Date), CAST(N'2018-08-18' AS Date))
GO
INSERT [dbo].[LOCATIONS] ([ID], [CLIENTID], [VEHICULEID], [NBKM], [DATEDEBUT], [DATEFIN]) VALUES (123, 6, 16, 154, CAST(N'2018-06-02' AS Date), CAST(N'2017-12-14' AS Date))
GO
INSERT [dbo].[LOCATIONS] ([ID], [CLIENTID], [VEHICULEID], [NBKM], [DATEDEBUT], [DATEFIN]) VALUES (124, 7, 24, 284, CAST(N'2018-01-28' AS Date), CAST(N'2018-07-08' AS Date))
GO
INSERT [dbo].[LOCATIONS] ([ID], [CLIENTID], [VEHICULEID], [NBKM], [DATEDEBUT], [DATEFIN]) VALUES (125, 25, 19, 109, CAST(N'2018-05-25' AS Date), CAST(N'2018-06-10' AS Date))
GO
INSERT [dbo].[LOCATIONS] ([ID], [CLIENTID], [VEHICULEID], [NBKM], [DATEDEBUT], [DATEFIN]) VALUES (126, 16, 12, 272, CAST(N'2018-05-15' AS Date), CAST(N'2018-03-02' AS Date))
GO
INSERT [dbo].[LOCATIONS] ([ID], [CLIENTID], [VEHICULEID], [NBKM], [DATEDEBUT], [DATEFIN]) VALUES (127, 9, 12, 194, CAST(N'2018-07-29' AS Date), CAST(N'2018-02-23' AS Date))
GO
INSERT [dbo].[LOCATIONS] ([ID], [CLIENTID], [VEHICULEID], [NBKM], [DATEDEBUT], [DATEFIN]) VALUES (128, 39, 2, 173, CAST(N'2018-02-17' AS Date), CAST(N'2018-04-29' AS Date))
GO
INSERT [dbo].[LOCATIONS] ([ID], [CLIENTID], [VEHICULEID], [NBKM], [DATEDEBUT], [DATEFIN]) VALUES (129, 39, 26, 127, CAST(N'2018-03-15' AS Date), CAST(N'2018-02-02' AS Date))
GO
INSERT [dbo].[LOCATIONS] ([ID], [CLIENTID], [VEHICULEID], [NBKM], [DATEDEBUT], [DATEFIN]) VALUES (130, 8, 25, 255, CAST(N'2018-06-04' AS Date), CAST(N'2018-05-05' AS Date))
GO
INSERT [dbo].[LOCATIONS] ([ID], [CLIENTID], [VEHICULEID], [NBKM], [DATEDEBUT], [DATEFIN]) VALUES (132, 1, 3, 188, CAST(N'2018-01-22' AS Date), CAST(N'2017-12-01' AS Date))
GO
INSERT [dbo].[LOCATIONS] ([ID], [CLIENTID], [VEHICULEID], [NBKM], [DATEDEBUT], [DATEFIN]) VALUES (133, 38, 24, 211, CAST(N'2018-04-24' AS Date), CAST(N'2018-06-20' AS Date))
GO
INSERT [dbo].[LOCATIONS] ([ID], [CLIENTID], [VEHICULEID], [NBKM], [DATEDEBUT], [DATEFIN]) VALUES (134, 3, 25, 205, CAST(N'2018-06-07' AS Date), CAST(N'2017-12-02' AS Date))
GO
INSERT [dbo].[LOCATIONS] ([ID], [CLIENTID], [VEHICULEID], [NBKM], [DATEDEBUT], [DATEFIN]) VALUES (135, 6, 14, 119, CAST(N'2018-04-28' AS Date), CAST(N'2018-04-06' AS Date))
GO
INSERT [dbo].[LOCATIONS] ([ID], [CLIENTID], [VEHICULEID], [NBKM], [DATEDEBUT], [DATEFIN]) VALUES (136, 33, 12, 175, CAST(N'2018-04-15' AS Date), CAST(N'2018-08-14' AS Date))
GO
INSERT [dbo].[LOCATIONS] ([ID], [CLIENTID], [VEHICULEID], [NBKM], [DATEDEBUT], [DATEFIN]) VALUES (137, 10, 10, 123, CAST(N'2018-05-25' AS Date), CAST(N'2018-08-08' AS Date))
GO
INSERT [dbo].[LOCATIONS] ([ID], [CLIENTID], [VEHICULEID], [NBKM], [DATEDEBUT], [DATEFIN]) VALUES (138, 10, 3, 108, CAST(N'2018-04-18' AS Date), CAST(N'2018-03-06' AS Date))
GO
INSERT [dbo].[LOCATIONS] ([ID], [CLIENTID], [VEHICULEID], [NBKM], [DATEDEBUT], [DATEFIN]) VALUES (140, 27, 8, 204, CAST(N'2018-07-11' AS Date), CAST(N'2018-04-18' AS Date))
GO
INSERT [dbo].[LOCATIONS] ([ID], [CLIENTID], [VEHICULEID], [NBKM], [DATEDEBUT], [DATEFIN]) VALUES (141, 14, 27, 287, CAST(N'2017-11-04' AS Date), CAST(N'2018-08-17' AS Date))
GO
INSERT [dbo].[LOCATIONS] ([ID], [CLIENTID], [VEHICULEID], [NBKM], [DATEDEBUT], [DATEFIN]) VALUES (142, 16, 11, 97, CAST(N'2017-11-17' AS Date), CAST(N'2018-03-08' AS Date))
GO
INSERT [dbo].[LOCATIONS] ([ID], [CLIENTID], [VEHICULEID], [NBKM], [DATEDEBUT], [DATEFIN]) VALUES (143, 43, 1, 190, CAST(N'2018-05-15' AS Date), CAST(N'2018-03-09' AS Date))
GO
INSERT [dbo].[LOCATIONS] ([ID], [CLIENTID], [VEHICULEID], [NBKM], [DATEDEBUT], [DATEFIN]) VALUES (145, 22, 22, 79, CAST(N'2018-06-21' AS Date), CAST(N'2017-12-18' AS Date))
GO
INSERT [dbo].[LOCATIONS] ([ID], [CLIENTID], [VEHICULEID], [NBKM], [DATEDEBUT], [DATEFIN]) VALUES (146, 14, 11, 267, CAST(N'2018-01-06' AS Date), CAST(N'2018-02-16' AS Date))
GO
INSERT [dbo].[LOCATIONS] ([ID], [CLIENTID], [VEHICULEID], [NBKM], [DATEDEBUT], [DATEFIN]) VALUES (147, 12, 9, 83, CAST(N'2018-01-19' AS Date), CAST(N'2018-04-11' AS Date))
GO
INSERT [dbo].[LOCATIONS] ([ID], [CLIENTID], [VEHICULEID], [NBKM], [DATEDEBUT], [DATEFIN]) VALUES (148, 6, 15, 88, CAST(N'2018-01-07' AS Date), CAST(N'2018-02-16' AS Date))
GO
INSERT [dbo].[LOCATIONS] ([ID], [CLIENTID], [VEHICULEID], [NBKM], [DATEDEBUT], [DATEFIN]) VALUES (150, 9, 22, 212, CAST(N'2018-07-04' AS Date), CAST(N'2018-04-10' AS Date))
GO
INSERT [dbo].[LOCATIONS] ([ID], [CLIENTID], [VEHICULEID], [NBKM], [DATEDEBUT], [DATEFIN]) VALUES (151, 26, 26, 284, CAST(N'2018-04-25' AS Date), CAST(N'2018-08-17' AS Date))
GO
INSERT [dbo].[LOCATIONS] ([ID], [CLIENTID], [VEHICULEID], [NBKM], [DATEDEBUT], [DATEFIN]) VALUES (153, 5, 11, 112, CAST(N'2018-01-06' AS Date), CAST(N'2018-08-03' AS Date))
GO
INSERT [dbo].[LOCATIONS] ([ID], [CLIENTID], [VEHICULEID], [NBKM], [DATEDEBUT], [DATEFIN]) VALUES (156, 18, 30, 172, CAST(N'2018-07-25' AS Date), CAST(N'2018-07-30' AS Date))
GO
INSERT [dbo].[LOCATIONS] ([ID], [CLIENTID], [VEHICULEID], [NBKM], [DATEDEBUT], [DATEFIN]) VALUES (157, 39, 28, 131, CAST(N'2018-03-10' AS Date), CAST(N'2018-01-23' AS Date))
GO
INSERT [dbo].[LOCATIONS] ([ID], [CLIENTID], [VEHICULEID], [NBKM], [DATEDEBUT], [DATEFIN]) VALUES (158, 27, 25, 227, CAST(N'2018-07-05' AS Date), CAST(N'2018-05-06' AS Date))
GO
INSERT [dbo].[LOCATIONS] ([ID], [CLIENTID], [VEHICULEID], [NBKM], [DATEDEBUT], [DATEFIN]) VALUES (159, 49, 10, 259, CAST(N'2018-04-03' AS Date), CAST(N'2018-06-20' AS Date))
GO
INSERT [dbo].[LOCATIONS] ([ID], [CLIENTID], [VEHICULEID], [NBKM], [DATEDEBUT], [DATEFIN]) VALUES (160, 7, 14, 236, CAST(N'2018-01-04' AS Date), CAST(N'2018-08-03' AS Date))
GO
INSERT [dbo].[LOCATIONS] ([ID], [CLIENTID], [VEHICULEID], [NBKM], [DATEDEBUT], [DATEFIN]) VALUES (161, 25, 10, 52, CAST(N'2018-04-19' AS Date), CAST(N'2018-03-17' AS Date))
GO
INSERT [dbo].[LOCATIONS] ([ID], [CLIENTID], [VEHICULEID], [NBKM], [DATEDEBUT], [DATEFIN]) VALUES (162, 42, 21, 190, CAST(N'2017-12-22' AS Date), CAST(N'2018-05-24' AS Date))
GO
INSERT [dbo].[LOCATIONS] ([ID], [CLIENTID], [VEHICULEID], [NBKM], [DATEDEBUT], [DATEFIN]) VALUES (163, 4, 10, 276, CAST(N'2018-07-09' AS Date), CAST(N'2018-02-08' AS Date))
GO
INSERT [dbo].[LOCATIONS] ([ID], [CLIENTID], [VEHICULEID], [NBKM], [DATEDEBUT], [DATEFIN]) VALUES (164, 33, 11, 296, CAST(N'2018-05-02' AS Date), CAST(N'2018-04-23' AS Date))
GO
INSERT [dbo].[LOCATIONS] ([ID], [CLIENTID], [VEHICULEID], [NBKM], [DATEDEBUT], [DATEFIN]) VALUES (165, 37, 20, 254, CAST(N'2017-12-22' AS Date), CAST(N'2018-05-08' AS Date))
GO
INSERT [dbo].[LOCATIONS] ([ID], [CLIENTID], [VEHICULEID], [NBKM], [DATEDEBUT], [DATEFIN]) VALUES (167, 10, 28, 143, CAST(N'2017-11-26' AS Date), CAST(N'2018-08-11' AS Date))
GO
INSERT [dbo].[LOCATIONS] ([ID], [CLIENTID], [VEHICULEID], [NBKM], [DATEDEBUT], [DATEFIN]) VALUES (168, 18, 17, 161, CAST(N'2018-01-03' AS Date), CAST(N'2018-04-17' AS Date))
GO
INSERT [dbo].[LOCATIONS] ([ID], [CLIENTID], [VEHICULEID], [NBKM], [DATEDEBUT], [DATEFIN]) VALUES (169, 16, 30, 152, CAST(N'2018-07-14' AS Date), CAST(N'2017-12-27' AS Date))
GO
INSERT [dbo].[LOCATIONS] ([ID], [CLIENTID], [VEHICULEID], [NBKM], [DATEDEBUT], [DATEFIN]) VALUES (170, 12, 18, 88, CAST(N'2018-07-14' AS Date), CAST(N'2018-06-11' AS Date))
GO
INSERT [dbo].[LOCATIONS] ([ID], [CLIENTID], [VEHICULEID], [NBKM], [DATEDEBUT], [DATEFIN]) VALUES (171, 43, 11, 132, CAST(N'2018-06-16' AS Date), CAST(N'2018-05-13' AS Date))
GO
INSERT [dbo].[LOCATIONS] ([ID], [CLIENTID], [VEHICULEID], [NBKM], [DATEDEBUT], [DATEFIN]) VALUES (172, 1, 9, 242, CAST(N'2017-11-21' AS Date), CAST(N'2018-05-17' AS Date))
GO
INSERT [dbo].[LOCATIONS] ([ID], [CLIENTID], [VEHICULEID], [NBKM], [DATEDEBUT], [DATEFIN]) VALUES (173, 10, 11, 169, CAST(N'2018-05-06' AS Date), CAST(N'2018-06-25' AS Date))
GO
INSERT [dbo].[LOCATIONS] ([ID], [CLIENTID], [VEHICULEID], [NBKM], [DATEDEBUT], [DATEFIN]) VALUES (174, 6, 12, 196, CAST(N'2018-04-18' AS Date), CAST(N'2018-06-19' AS Date))
GO
INSERT [dbo].[LOCATIONS] ([ID], [CLIENTID], [VEHICULEID], [NBKM], [DATEDEBUT], [DATEFIN]) VALUES (175, 40, 25, 78, CAST(N'2018-04-26' AS Date), CAST(N'2018-03-07' AS Date))
GO
INSERT [dbo].[LOCATIONS] ([ID], [CLIENTID], [VEHICULEID], [NBKM], [DATEDEBUT], [DATEFIN]) VALUES (176, 42, 3, 91, CAST(N'2018-07-31' AS Date), CAST(N'2018-05-04' AS Date))
GO
INSERT [dbo].[LOCATIONS] ([ID], [CLIENTID], [VEHICULEID], [NBKM], [DATEDEBUT], [DATEFIN]) VALUES (177, 32, 30, 140, CAST(N'2018-04-29' AS Date), CAST(N'2018-03-18' AS Date))
GO
INSERT [dbo].[LOCATIONS] ([ID], [CLIENTID], [VEHICULEID], [NBKM], [DATEDEBUT], [DATEFIN]) VALUES (179, 27, 26, 135, CAST(N'2018-04-15' AS Date), CAST(N'2018-06-16' AS Date))
GO
INSERT [dbo].[LOCATIONS] ([ID], [CLIENTID], [VEHICULEID], [NBKM], [DATEDEBUT], [DATEFIN]) VALUES (180, 3, 10, 198, CAST(N'2018-06-01' AS Date), CAST(N'2017-12-13' AS Date))
GO
INSERT [dbo].[LOCATIONS] ([ID], [CLIENTID], [VEHICULEID], [NBKM], [DATEDEBUT], [DATEFIN]) VALUES (181, 25, 6, 224, CAST(N'2018-07-16' AS Date), CAST(N'2018-03-09' AS Date))
GO
INSERT [dbo].[LOCATIONS] ([ID], [CLIENTID], [VEHICULEID], [NBKM], [DATEDEBUT], [DATEFIN]) VALUES (182, 2, 9, 297, CAST(N'2018-05-29' AS Date), CAST(N'2018-04-15' AS Date))
GO
INSERT [dbo].[LOCATIONS] ([ID], [CLIENTID], [VEHICULEID], [NBKM], [DATEDEBUT], [DATEFIN]) VALUES (183, 47, 17, 73, CAST(N'2018-04-17' AS Date), CAST(N'2018-06-29' AS Date))
GO
INSERT [dbo].[LOCATIONS] ([ID], [CLIENTID], [VEHICULEID], [NBKM], [DATEDEBUT], [DATEFIN]) VALUES (184, 37, 19, 77, CAST(N'2018-06-13' AS Date), CAST(N'2018-07-20' AS Date))
GO
INSERT [dbo].[LOCATIONS] ([ID], [CLIENTID], [VEHICULEID], [NBKM], [DATEDEBUT], [DATEFIN]) VALUES (185, 40, 27, 83, CAST(N'2018-01-28' AS Date), CAST(N'2018-03-04' AS Date))
GO
INSERT [dbo].[LOCATIONS] ([ID], [CLIENTID], [VEHICULEID], [NBKM], [DATEDEBUT], [DATEFIN]) VALUES (186, 28, 26, 248, CAST(N'2018-05-24' AS Date), CAST(N'2018-08-10' AS Date))
GO
INSERT [dbo].[LOCATIONS] ([ID], [CLIENTID], [VEHICULEID], [NBKM], [DATEDEBUT], [DATEFIN]) VALUES (187, 36, 22, 265, CAST(N'2018-02-19' AS Date), CAST(N'2018-05-25' AS Date))
GO
INSERT [dbo].[LOCATIONS] ([ID], [CLIENTID], [VEHICULEID], [NBKM], [DATEDEBUT], [DATEFIN]) VALUES (188, 10, 18, 242, CAST(N'2018-01-10' AS Date), CAST(N'2018-08-18' AS Date))
GO
INSERT [dbo].[LOCATIONS] ([ID], [CLIENTID], [VEHICULEID], [NBKM], [DATEDEBUT], [DATEFIN]) VALUES (189, 39, 28, 58, CAST(N'2017-11-04' AS Date), CAST(N'2018-03-16' AS Date))
GO
INSERT [dbo].[LOCATIONS] ([ID], [CLIENTID], [VEHICULEID], [NBKM], [DATEDEBUT], [DATEFIN]) VALUES (190, 43, 17, 141, CAST(N'2018-07-03' AS Date), CAST(N'2017-12-16' AS Date))
GO
INSERT [dbo].[LOCATIONS] ([ID], [CLIENTID], [VEHICULEID], [NBKM], [DATEDEBUT], [DATEFIN]) VALUES (191, 9, 20, 90, CAST(N'2018-05-08' AS Date), CAST(N'2018-01-22' AS Date))
GO
INSERT [dbo].[LOCATIONS] ([ID], [CLIENTID], [VEHICULEID], [NBKM], [DATEDEBUT], [DATEFIN]) VALUES (192, 40, 25, 127, CAST(N'2018-03-19' AS Date), CAST(N'2018-03-26' AS Date))
GO
INSERT [dbo].[LOCATIONS] ([ID], [CLIENTID], [VEHICULEID], [NBKM], [DATEDEBUT], [DATEFIN]) VALUES (193, 20, 15, 182, CAST(N'2018-06-23' AS Date), CAST(N'2017-12-10' AS Date))
GO
INSERT [dbo].[LOCATIONS] ([ID], [CLIENTID], [VEHICULEID], [NBKM], [DATEDEBUT], [DATEFIN]) VALUES (194, 12, 21, 204, CAST(N'2018-04-28' AS Date), CAST(N'2018-07-12' AS Date))
GO
INSERT [dbo].[LOCATIONS] ([ID], [CLIENTID], [VEHICULEID], [NBKM], [DATEDEBUT], [DATEFIN]) VALUES (196, 13, 10, 279, CAST(N'2018-06-17' AS Date), CAST(N'2018-07-12' AS Date))
GO
INSERT [dbo].[LOCATIONS] ([ID], [CLIENTID], [VEHICULEID], [NBKM], [DATEDEBUT], [DATEFIN]) VALUES (197, 38, 9, 213, CAST(N'2018-01-11' AS Date), CAST(N'2018-01-16' AS Date))
GO
INSERT [dbo].[LOCATIONS] ([ID], [CLIENTID], [VEHICULEID], [NBKM], [DATEDEBUT], [DATEFIN]) VALUES (199, 37, 2, 93, CAST(N'2018-03-04' AS Date), CAST(N'2018-03-26' AS Date))
GO
INSERT [dbo].[LOCATIONS] ([ID], [CLIENTID], [VEHICULEID], [NBKM], [DATEDEBUT], [DATEFIN]) VALUES (200, 42, 17, 193, CAST(N'2018-05-10' AS Date), CAST(N'2018-08-15' AS Date))
GO
INSERT [dbo].[LOCATIONS] ([ID], [CLIENTID], [VEHICULEID], [NBKM], [DATEDEBUT], [DATEFIN]) VALUES (201, 25, 6, 142, CAST(N'2018-02-09' AS Date), CAST(N'2018-07-09' AS Date))
GO
INSERT [dbo].[LOCATIONS] ([ID], [CLIENTID], [VEHICULEID], [NBKM], [DATEDEBUT], [DATEFIN]) VALUES (202, 24, 9, 249, CAST(N'2017-12-22' AS Date), CAST(N'2018-04-15' AS Date))
GO
INSERT [dbo].[LOCATIONS] ([ID], [CLIENTID], [VEHICULEID], [NBKM], [DATEDEBUT], [DATEFIN]) VALUES (203, 13, 28, 269, CAST(N'2017-12-12' AS Date), CAST(N'2018-07-19' AS Date))
GO
INSERT [dbo].[LOCATIONS] ([ID], [CLIENTID], [VEHICULEID], [NBKM], [DATEDEBUT], [DATEFIN]) VALUES (204, 21, 9, 192, CAST(N'2017-11-08' AS Date), CAST(N'2017-12-20' AS Date))
GO
INSERT [dbo].[LOCATIONS] ([ID], [CLIENTID], [VEHICULEID], [NBKM], [DATEDEBUT], [DATEFIN]) VALUES (206, 18, 8, 120, CAST(N'2018-06-30' AS Date), CAST(N'2018-02-15' AS Date))
GO
INSERT [dbo].[LOCATIONS] ([ID], [CLIENTID], [VEHICULEID], [NBKM], [DATEDEBUT], [DATEFIN]) VALUES (207, 18, 9, 181, CAST(N'2018-03-16' AS Date), CAST(N'2018-05-13' AS Date))
GO
INSERT [dbo].[LOCATIONS] ([ID], [CLIENTID], [VEHICULEID], [NBKM], [DATEDEBUT], [DATEFIN]) VALUES (208, 25, 29, 194, CAST(N'2018-02-10' AS Date), CAST(N'2018-07-14' AS Date))
GO
INSERT [dbo].[LOCATIONS] ([ID], [CLIENTID], [VEHICULEID], [NBKM], [DATEDEBUT], [DATEFIN]) VALUES (209, 41, 16, 232, CAST(N'2018-05-06' AS Date), CAST(N'2018-01-27' AS Date))
GO
INSERT [dbo].[LOCATIONS] ([ID], [CLIENTID], [VEHICULEID], [NBKM], [DATEDEBUT], [DATEFIN]) VALUES (210, 14, 3, 213, CAST(N'2017-11-22' AS Date), CAST(N'2018-04-17' AS Date))
GO
INSERT [dbo].[LOCATIONS] ([ID], [CLIENTID], [VEHICULEID], [NBKM], [DATEDEBUT], [DATEFIN]) VALUES (211, 3, 22, 121, CAST(N'2018-07-27' AS Date), CAST(N'2018-03-15' AS Date))
GO
INSERT [dbo].[LOCATIONS] ([ID], [CLIENTID], [VEHICULEID], [NBKM], [DATEDEBUT], [DATEFIN]) VALUES (212, 36, 18, 152, CAST(N'2017-11-05' AS Date), CAST(N'2018-03-15' AS Date))
GO
INSERT [dbo].[LOCATIONS] ([ID], [CLIENTID], [VEHICULEID], [NBKM], [DATEDEBUT], [DATEFIN]) VALUES (213, 5, 3, 277, CAST(N'2018-06-10' AS Date), CAST(N'2018-08-15' AS Date))
GO
INSERT [dbo].[LOCATIONS] ([ID], [CLIENTID], [VEHICULEID], [NBKM], [DATEDEBUT], [DATEFIN]) VALUES (216, 38, 24, 296, CAST(N'2018-07-28' AS Date), CAST(N'2018-02-13' AS Date))
GO
INSERT [dbo].[LOCATIONS] ([ID], [CLIENTID], [VEHICULEID], [NBKM], [DATEDEBUT], [DATEFIN]) VALUES (217, 42, 18, 263, CAST(N'2017-11-25' AS Date), CAST(N'2018-02-08' AS Date))
GO
INSERT [dbo].[LOCATIONS] ([ID], [CLIENTID], [VEHICULEID], [NBKM], [DATEDEBUT], [DATEFIN]) VALUES (218, 46, 25, 251, CAST(N'2018-07-09' AS Date), CAST(N'2018-05-23' AS Date))
GO
INSERT [dbo].[LOCATIONS] ([ID], [CLIENTID], [VEHICULEID], [NBKM], [DATEDEBUT], [DATEFIN]) VALUES (219, 40, 6, 188, CAST(N'2018-07-05' AS Date), CAST(N'2017-12-09' AS Date))
GO
INSERT [dbo].[LOCATIONS] ([ID], [CLIENTID], [VEHICULEID], [NBKM], [DATEDEBUT], [DATEFIN]) VALUES (220, 29, 12, 207, CAST(N'2018-02-16' AS Date), CAST(N'2018-07-26' AS Date))
GO
INSERT [dbo].[LOCATIONS] ([ID], [CLIENTID], [VEHICULEID], [NBKM], [DATEDEBUT], [DATEFIN]) VALUES (221, 26, 8, 205, CAST(N'2018-04-27' AS Date), CAST(N'2018-07-17' AS Date))
GO
INSERT [dbo].[LOCATIONS] ([ID], [CLIENTID], [VEHICULEID], [NBKM], [DATEDEBUT], [DATEFIN]) VALUES (222, 16, 18, 248, CAST(N'2018-06-08' AS Date), CAST(N'2017-12-29' AS Date))
GO
INSERT [dbo].[LOCATIONS] ([ID], [CLIENTID], [VEHICULEID], [NBKM], [DATEDEBUT], [DATEFIN]) VALUES (224, 41, 22, 205, CAST(N'2018-06-01' AS Date), CAST(N'2018-06-16' AS Date))
GO
INSERT [dbo].[LOCATIONS] ([ID], [CLIENTID], [VEHICULEID], [NBKM], [DATEDEBUT], [DATEFIN]) VALUES (225, 33, 20, 247, CAST(N'2018-03-03' AS Date), CAST(N'2018-05-17' AS Date))
GO
INSERT [dbo].[LOCATIONS] ([ID], [CLIENTID], [VEHICULEID], [NBKM], [DATEDEBUT], [DATEFIN]) VALUES (226, 18, 3, 117, CAST(N'2018-02-25' AS Date), CAST(N'2018-06-29' AS Date))
GO
INSERT [dbo].[LOCATIONS] ([ID], [CLIENTID], [VEHICULEID], [NBKM], [DATEDEBUT], [DATEFIN]) VALUES (227, 25, 27, 50, CAST(N'2018-01-16' AS Date), CAST(N'2018-08-19' AS Date))
GO
INSERT [dbo].[LOCATIONS] ([ID], [CLIENTID], [VEHICULEID], [NBKM], [DATEDEBUT], [DATEFIN]) VALUES (228, 33, 16, 56, CAST(N'2018-04-01' AS Date), CAST(N'2018-06-08' AS Date))
GO
INSERT [dbo].[LOCATIONS] ([ID], [CLIENTID], [VEHICULEID], [NBKM], [DATEDEBUT], [DATEFIN]) VALUES (229, 27, 9, 196, CAST(N'2017-12-04' AS Date), CAST(N'2018-04-21' AS Date))
GO
INSERT [dbo].[LOCATIONS] ([ID], [CLIENTID], [VEHICULEID], [NBKM], [DATEDEBUT], [DATEFIN]) VALUES (230, 29, 17, 176, CAST(N'2018-05-16' AS Date), CAST(N'2018-02-08' AS Date))
GO
INSERT [dbo].[LOCATIONS] ([ID], [CLIENTID], [VEHICULEID], [NBKM], [DATEDEBUT], [DATEFIN]) VALUES (231, 44, 26, 148, CAST(N'2018-03-08' AS Date), CAST(N'2018-06-18' AS Date))
GO
INSERT [dbo].[LOCATIONS] ([ID], [CLIENTID], [VEHICULEID], [NBKM], [DATEDEBUT], [DATEFIN]) VALUES (232, 26, 8, 256, CAST(N'2017-12-25' AS Date), CAST(N'2018-05-31' AS Date))
GO
INSERT [dbo].[LOCATIONS] ([ID], [CLIENTID], [VEHICULEID], [NBKM], [DATEDEBUT], [DATEFIN]) VALUES (233, 33, 10, 127, CAST(N'2018-07-29' AS Date), CAST(N'2018-05-06' AS Date))
GO
INSERT [dbo].[LOCATIONS] ([ID], [CLIENTID], [VEHICULEID], [NBKM], [DATEDEBUT], [DATEFIN]) VALUES (235, 39, 25, 115, CAST(N'2018-03-03' AS Date), CAST(N'2018-05-25' AS Date))
GO
INSERT [dbo].[LOCATIONS] ([ID], [CLIENTID], [VEHICULEID], [NBKM], [DATEDEBUT], [DATEFIN]) VALUES (236, 25, 27, 267, CAST(N'2017-11-06' AS Date), CAST(N'2017-12-10' AS Date))
GO
INSERT [dbo].[LOCATIONS] ([ID], [CLIENTID], [VEHICULEID], [NBKM], [DATEDEBUT], [DATEFIN]) VALUES (238, 40, 30, 134, CAST(N'2017-11-06' AS Date), CAST(N'2018-05-18' AS Date))
GO
INSERT [dbo].[LOCATIONS] ([ID], [CLIENTID], [VEHICULEID], [NBKM], [DATEDEBUT], [DATEFIN]) VALUES (239, 44, 25, 82, CAST(N'2017-12-17' AS Date), CAST(N'2018-03-17' AS Date))
GO
INSERT [dbo].[LOCATIONS] ([ID], [CLIENTID], [VEHICULEID], [NBKM], [DATEDEBUT], [DATEFIN]) VALUES (240, 12, 28, 87, CAST(N'2018-01-23' AS Date), CAST(N'2018-05-01' AS Date))
GO
INSERT [dbo].[LOCATIONS] ([ID], [CLIENTID], [VEHICULEID], [NBKM], [DATEDEBUT], [DATEFIN]) VALUES (241, 29, 14, 232, CAST(N'2018-02-25' AS Date), CAST(N'2018-07-22' AS Date))
GO
INSERT [dbo].[LOCATIONS] ([ID], [CLIENTID], [VEHICULEID], [NBKM], [DATEDEBUT], [DATEFIN]) VALUES (242, 15, 29, 209, CAST(N'2018-04-05' AS Date), CAST(N'2018-02-11' AS Date))
GO
INSERT [dbo].[LOCATIONS] ([ID], [CLIENTID], [VEHICULEID], [NBKM], [DATEDEBUT], [DATEFIN]) VALUES (243, 47, 17, 107, CAST(N'2018-04-28' AS Date), CAST(N'2018-01-01' AS Date))
GO
INSERT [dbo].[LOCATIONS] ([ID], [CLIENTID], [VEHICULEID], [NBKM], [DATEDEBUT], [DATEFIN]) VALUES (244, 3, 21, 135, CAST(N'2018-07-20' AS Date), CAST(N'2018-04-04' AS Date))
GO
INSERT [dbo].[LOCATIONS] ([ID], [CLIENTID], [VEHICULEID], [NBKM], [DATEDEBUT], [DATEFIN]) VALUES (246, 41, 3, 69, CAST(N'2018-04-25' AS Date), CAST(N'2018-07-22' AS Date))
GO
INSERT [dbo].[LOCATIONS] ([ID], [CLIENTID], [VEHICULEID], [NBKM], [DATEDEBUT], [DATEFIN]) VALUES (247, 17, 10, 210, CAST(N'2018-02-26' AS Date), CAST(N'2018-08-18' AS Date))
GO
INSERT [dbo].[LOCATIONS] ([ID], [CLIENTID], [VEHICULEID], [NBKM], [DATEDEBUT], [DATEFIN]) VALUES (248, 37, 10, 151, CAST(N'2018-06-08' AS Date), CAST(N'2018-04-25' AS Date))
GO
INSERT [dbo].[LOCATIONS] ([ID], [CLIENTID], [VEHICULEID], [NBKM], [DATEDEBUT], [DATEFIN]) VALUES (249, 6, 18, 64, CAST(N'2018-07-15' AS Date), CAST(N'2017-12-23' AS Date))
GO
INSERT [dbo].[LOCATIONS] ([ID], [CLIENTID], [VEHICULEID], [NBKM], [DATEDEBUT], [DATEFIN]) VALUES (250, 40, 27, 265, CAST(N'2018-03-15' AS Date), CAST(N'2018-06-18' AS Date))
GO
INSERT [dbo].[LOCATIONS] ([ID], [CLIENTID], [VEHICULEID], [NBKM], [DATEDEBUT], [DATEFIN]) VALUES (251, 39, 26, 100, CAST(N'2017-12-01' AS Date), CAST(N'2017-12-18' AS Date))
GO
INSERT [dbo].[LOCATIONS] ([ID], [CLIENTID], [VEHICULEID], [NBKM], [DATEDEBUT], [DATEFIN]) VALUES (252, 14, 10, 167, CAST(N'2018-07-02' AS Date), CAST(N'2018-06-19' AS Date))
GO
INSERT [dbo].[LOCATIONS] ([ID], [CLIENTID], [VEHICULEID], [NBKM], [DATEDEBUT], [DATEFIN]) VALUES (254, 13, 26, 279, CAST(N'2017-11-17' AS Date), CAST(N'2018-07-19' AS Date))
GO
INSERT [dbo].[LOCATIONS] ([ID], [CLIENTID], [VEHICULEID], [NBKM], [DATEDEBUT], [DATEFIN]) VALUES (256, 42, 18, 264, CAST(N'2018-03-19' AS Date), CAST(N'2018-04-19' AS Date))
GO
INSERT [dbo].[LOCATIONS] ([ID], [CLIENTID], [VEHICULEID], [NBKM], [DATEDEBUT], [DATEFIN]) VALUES (257, 27, 19, 185, CAST(N'2018-07-24' AS Date), CAST(N'2018-01-24' AS Date))
GO
INSERT [dbo].[LOCATIONS] ([ID], [CLIENTID], [VEHICULEID], [NBKM], [DATEDEBUT], [DATEFIN]) VALUES (258, 42, 8, 184, CAST(N'2017-12-22' AS Date), CAST(N'2018-03-17' AS Date))
GO
INSERT [dbo].[LOCATIONS] ([ID], [CLIENTID], [VEHICULEID], [NBKM], [DATEDEBUT], [DATEFIN]) VALUES (259, 25, 9, 149, CAST(N'2017-11-08' AS Date), CAST(N'2018-07-03' AS Date))
GO
INSERT [dbo].[LOCATIONS] ([ID], [CLIENTID], [VEHICULEID], [NBKM], [DATEDEBUT], [DATEFIN]) VALUES (260, 49, 9, 65, CAST(N'2018-07-10' AS Date), CAST(N'2018-07-24' AS Date))
GO
INSERT [dbo].[LOCATIONS] ([ID], [CLIENTID], [VEHICULEID], [NBKM], [DATEDEBUT], [DATEFIN]) VALUES (261, 21, 23, 279, CAST(N'2018-07-13' AS Date), CAST(N'2018-01-30' AS Date))
GO
INSERT [dbo].[LOCATIONS] ([ID], [CLIENTID], [VEHICULEID], [NBKM], [DATEDEBUT], [DATEFIN]) VALUES (262, 15, 6, 215, CAST(N'2018-04-13' AS Date), CAST(N'2018-01-27' AS Date))
GO
INSERT [dbo].[LOCATIONS] ([ID], [CLIENTID], [VEHICULEID], [NBKM], [DATEDEBUT], [DATEFIN]) VALUES (263, 17, 28, 268, CAST(N'2018-03-06' AS Date), CAST(N'2018-04-15' AS Date))
GO
INSERT [dbo].[LOCATIONS] ([ID], [CLIENTID], [VEHICULEID], [NBKM], [DATEDEBUT], [DATEFIN]) VALUES (264, 14, 24, 118, CAST(N'2017-12-15' AS Date), CAST(N'2018-07-30' AS Date))
GO
INSERT [dbo].[LOCATIONS] ([ID], [CLIENTID], [VEHICULEID], [NBKM], [DATEDEBUT], [DATEFIN]) VALUES (265, 48, 19, 300, CAST(N'2018-01-20' AS Date), CAST(N'2018-07-29' AS Date))
GO
INSERT [dbo].[LOCATIONS] ([ID], [CLIENTID], [VEHICULEID], [NBKM], [DATEDEBUT], [DATEFIN]) VALUES (266, 23, 30, 288, CAST(N'2018-04-12' AS Date), CAST(N'2018-05-06' AS Date))
GO
INSERT [dbo].[LOCATIONS] ([ID], [CLIENTID], [VEHICULEID], [NBKM], [DATEDEBUT], [DATEFIN]) VALUES (267, 9, 18, 126, CAST(N'2018-04-08' AS Date), CAST(N'2018-08-05' AS Date))
GO
INSERT [dbo].[LOCATIONS] ([ID], [CLIENTID], [VEHICULEID], [NBKM], [DATEDEBUT], [DATEFIN]) VALUES (268, 46, 1, 272, CAST(N'2018-04-22' AS Date), CAST(N'2018-02-28' AS Date))
GO
INSERT [dbo].[LOCATIONS] ([ID], [CLIENTID], [VEHICULEID], [NBKM], [DATEDEBUT], [DATEFIN]) VALUES (269, 24, 6, 204, CAST(N'2018-03-31' AS Date), CAST(N'2018-07-15' AS Date))
GO
INSERT [dbo].[LOCATIONS] ([ID], [CLIENTID], [VEHICULEID], [NBKM], [DATEDEBUT], [DATEFIN]) VALUES (270, 35, 23, 165, CAST(N'2017-12-26' AS Date), CAST(N'2018-01-14' AS Date))
GO
INSERT [dbo].[LOCATIONS] ([ID], [CLIENTID], [VEHICULEID], [NBKM], [DATEDEBUT], [DATEFIN]) VALUES (271, 37, 5, 259, CAST(N'2018-01-10' AS Date), CAST(N'2018-07-17' AS Date))
GO
INSERT [dbo].[LOCATIONS] ([ID], [CLIENTID], [VEHICULEID], [NBKM], [DATEDEBUT], [DATEFIN]) VALUES (272, 16, 19, 296, CAST(N'2018-03-24' AS Date), CAST(N'2017-12-04' AS Date))
GO
INSERT [dbo].[LOCATIONS] ([ID], [CLIENTID], [VEHICULEID], [NBKM], [DATEDEBUT], [DATEFIN]) VALUES (273, 30, 28, 266, CAST(N'2018-03-20' AS Date), CAST(N'2018-05-17' AS Date))
GO
INSERT [dbo].[LOCATIONS] ([ID], [CLIENTID], [VEHICULEID], [NBKM], [DATEDEBUT], [DATEFIN]) VALUES (275, 6, 3, 57, CAST(N'2017-11-24' AS Date), CAST(N'2018-05-09' AS Date))
GO
INSERT [dbo].[LOCATIONS] ([ID], [CLIENTID], [VEHICULEID], [NBKM], [DATEDEBUT], [DATEFIN]) VALUES (276, 33, 25, 101, CAST(N'2018-03-05' AS Date), CAST(N'2018-02-21' AS Date))
GO
INSERT [dbo].[LOCATIONS] ([ID], [CLIENTID], [VEHICULEID], [NBKM], [DATEDEBUT], [DATEFIN]) VALUES (277, 49, 24, 241, CAST(N'2017-11-28' AS Date), CAST(N'2018-02-18' AS Date))
GO
INSERT [dbo].[LOCATIONS] ([ID], [CLIENTID], [VEHICULEID], [NBKM], [DATEDEBUT], [DATEFIN]) VALUES (278, 24, 15, 112, CAST(N'2018-07-02' AS Date), CAST(N'2018-04-19' AS Date))
GO
INSERT [dbo].[LOCATIONS] ([ID], [CLIENTID], [VEHICULEID], [NBKM], [DATEDEBUT], [DATEFIN]) VALUES (279, 25, 19, 230, CAST(N'2018-03-02' AS Date), CAST(N'2018-07-09' AS Date))
GO
INSERT [dbo].[LOCATIONS] ([ID], [CLIENTID], [VEHICULEID], [NBKM], [DATEDEBUT], [DATEFIN]) VALUES (280, 25, 28, 288, CAST(N'2018-04-03' AS Date), CAST(N'2018-01-21' AS Date))
GO
INSERT [dbo].[LOCATIONS] ([ID], [CLIENTID], [VEHICULEID], [NBKM], [DATEDEBUT], [DATEFIN]) VALUES (281, 40, 9, 294, CAST(N'2018-05-25' AS Date), CAST(N'2018-06-25' AS Date))
GO
INSERT [dbo].[LOCATIONS] ([ID], [CLIENTID], [VEHICULEID], [NBKM], [DATEDEBUT], [DATEFIN]) VALUES (282, 20, 20, 297, CAST(N'2017-11-16' AS Date), CAST(N'2018-02-11' AS Date))
GO
INSERT [dbo].[LOCATIONS] ([ID], [CLIENTID], [VEHICULEID], [NBKM], [DATEDEBUT], [DATEFIN]) VALUES (283, 24, 20, 190, CAST(N'2018-04-04' AS Date), CAST(N'2018-05-08' AS Date))
GO
INSERT [dbo].[LOCATIONS] ([ID], [CLIENTID], [VEHICULEID], [NBKM], [DATEDEBUT], [DATEFIN]) VALUES (284, 26, 25, 129, CAST(N'2017-12-09' AS Date), CAST(N'2018-05-16' AS Date))
GO
INSERT [dbo].[LOCATIONS] ([ID], [CLIENTID], [VEHICULEID], [NBKM], [DATEDEBUT], [DATEFIN]) VALUES (285, 15, 19, 91, CAST(N'2018-06-25' AS Date), CAST(N'2018-05-25' AS Date))
GO
INSERT [dbo].[LOCATIONS] ([ID], [CLIENTID], [VEHICULEID], [NBKM], [DATEDEBUT], [DATEFIN]) VALUES (286, 44, 15, 276, CAST(N'2017-11-19' AS Date), CAST(N'2018-01-19' AS Date))
GO
INSERT [dbo].[LOCATIONS] ([ID], [CLIENTID], [VEHICULEID], [NBKM], [DATEDEBUT], [DATEFIN]) VALUES (287, 25, 22, 146, CAST(N'2018-04-19' AS Date), CAST(N'2018-06-14' AS Date))
GO
INSERT [dbo].[LOCATIONS] ([ID], [CLIENTID], [VEHICULEID], [NBKM], [DATEDEBUT], [DATEFIN]) VALUES (288, 28, 8, 128, CAST(N'2018-07-12' AS Date), CAST(N'2017-12-05' AS Date))
GO
INSERT [dbo].[LOCATIONS] ([ID], [CLIENTID], [VEHICULEID], [NBKM], [DATEDEBUT], [DATEFIN]) VALUES (290, 46, 19, 141, CAST(N'2017-12-11' AS Date), CAST(N'2018-02-14' AS Date))
GO
INSERT [dbo].[LOCATIONS] ([ID], [CLIENTID], [VEHICULEID], [NBKM], [DATEDEBUT], [DATEFIN]) VALUES (291, 29, 17, 95, CAST(N'2018-03-27' AS Date), CAST(N'2018-03-17' AS Date))
GO
INSERT [dbo].[LOCATIONS] ([ID], [CLIENTID], [VEHICULEID], [NBKM], [DATEDEBUT], [DATEFIN]) VALUES (293, 27, 23, 274, CAST(N'2017-11-08' AS Date), CAST(N'2018-06-07' AS Date))
GO
INSERT [dbo].[LOCATIONS] ([ID], [CLIENTID], [VEHICULEID], [NBKM], [DATEDEBUT], [DATEFIN]) VALUES (294, 14, 12, 69, CAST(N'2017-12-30' AS Date), CAST(N'2018-06-05' AS Date))
GO
INSERT [dbo].[LOCATIONS] ([ID], [CLIENTID], [VEHICULEID], [NBKM], [DATEDEBUT], [DATEFIN]) VALUES (296, 8, 11, 230, CAST(N'2017-11-29' AS Date), CAST(N'2018-07-04' AS Date))
GO
INSERT [dbo].[LOCATIONS] ([ID], [CLIENTID], [VEHICULEID], [NBKM], [DATEDEBUT], [DATEFIN]) VALUES (298, 8, 15, 81, CAST(N'2018-03-22' AS Date), CAST(N'2018-02-05' AS Date))
GO
INSERT [dbo].[LOCATIONS] ([ID], [CLIENTID], [VEHICULEID], [NBKM], [DATEDEBUT], [DATEFIN]) VALUES (299, 13, 26, 227, CAST(N'2018-02-06' AS Date), CAST(N'2018-07-29' AS Date))
GO
INSERT [dbo].[LOCATIONS] ([ID], [CLIENTID], [VEHICULEID], [NBKM], [DATEDEBUT], [DATEFIN]) VALUES (300, 34, 12, 149, CAST(N'2018-06-03' AS Date), CAST(N'2018-05-25' AS Date))
GO
INSERT [dbo].[LOCATIONS] ([ID], [CLIENTID], [VEHICULEID], [NBKM], [DATEDEBUT], [DATEFIN]) VALUES (301, 21, 12, 189, CAST(N'2018-01-04' AS Date), CAST(N'2018-04-02' AS Date))
GO
INSERT [dbo].[LOCATIONS] ([ID], [CLIENTID], [VEHICULEID], [NBKM], [DATEDEBUT], [DATEFIN]) VALUES (302, 38, 30, 158, CAST(N'2018-01-21' AS Date), CAST(N'2018-07-15' AS Date))
GO
INSERT [dbo].[LOCATIONS] ([ID], [CLIENTID], [VEHICULEID], [NBKM], [DATEDEBUT], [DATEFIN]) VALUES (304, 19, 29, 114, CAST(N'2018-07-10' AS Date), CAST(N'2018-06-24' AS Date))
GO
INSERT [dbo].[LOCATIONS] ([ID], [CLIENTID], [VEHICULEID], [NBKM], [DATEDEBUT], [DATEFIN]) VALUES (305, 22, 11, 121, CAST(N'2018-01-11' AS Date), CAST(N'2018-06-09' AS Date))
GO
INSERT [dbo].[LOCATIONS] ([ID], [CLIENTID], [VEHICULEID], [NBKM], [DATEDEBUT], [DATEFIN]) VALUES (306, 12, 10, 205, CAST(N'2018-03-31' AS Date), CAST(N'2017-12-17' AS Date))
GO
INSERT [dbo].[LOCATIONS] ([ID], [CLIENTID], [VEHICULEID], [NBKM], [DATEDEBUT], [DATEFIN]) VALUES (307, 23, 2, 208, CAST(N'2018-07-05' AS Date), CAST(N'2018-01-09' AS Date))
GO
INSERT [dbo].[LOCATIONS] ([ID], [CLIENTID], [VEHICULEID], [NBKM], [DATEDEBUT], [DATEFIN]) VALUES (308, 10, 12, 229, CAST(N'2018-06-30' AS Date), CAST(N'2018-06-11' AS Date))
GO
INSERT [dbo].[LOCATIONS] ([ID], [CLIENTID], [VEHICULEID], [NBKM], [DATEDEBUT], [DATEFIN]) VALUES (309, 5, 1, 83, CAST(N'2018-04-23' AS Date), CAST(N'2018-07-25' AS Date))
GO
INSERT [dbo].[LOCATIONS] ([ID], [CLIENTID], [VEHICULEID], [NBKM], [DATEDEBUT], [DATEFIN]) VALUES (310, 42, 1, 218, CAST(N'2018-07-17' AS Date), CAST(N'2018-03-25' AS Date))
GO
INSERT [dbo].[LOCATIONS] ([ID], [CLIENTID], [VEHICULEID], [NBKM], [DATEDEBUT], [DATEFIN]) VALUES (311, 12, 8, 298, CAST(N'2017-12-18' AS Date), CAST(N'2018-01-07' AS Date))
GO
INSERT [dbo].[LOCATIONS] ([ID], [CLIENTID], [VEHICULEID], [NBKM], [DATEDEBUT], [DATEFIN]) VALUES (313, 31, 12, 228, CAST(N'2017-11-07' AS Date), CAST(N'2018-08-15' AS Date))
GO
INSERT [dbo].[LOCATIONS] ([ID], [CLIENTID], [VEHICULEID], [NBKM], [DATEDEBUT], [DATEFIN]) VALUES (315, 6, 20, 179, CAST(N'2018-03-11' AS Date), CAST(N'2018-07-29' AS Date))
GO
INSERT [dbo].[LOCATIONS] ([ID], [CLIENTID], [VEHICULEID], [NBKM], [DATEDEBUT], [DATEFIN]) VALUES (316, 25, 24, 178, CAST(N'2018-07-24' AS Date), CAST(N'2018-02-17' AS Date))
GO
INSERT [dbo].[LOCATIONS] ([ID], [CLIENTID], [VEHICULEID], [NBKM], [DATEDEBUT], [DATEFIN]) VALUES (319, 18, 11, 179, CAST(N'2017-12-20' AS Date), CAST(N'2018-04-07' AS Date))
GO
INSERT [dbo].[LOCATIONS] ([ID], [CLIENTID], [VEHICULEID], [NBKM], [DATEDEBUT], [DATEFIN]) VALUES (320, 25, 23, 283, CAST(N'2018-04-01' AS Date), CAST(N'2018-07-10' AS Date))
GO
INSERT [dbo].[LOCATIONS] ([ID], [CLIENTID], [VEHICULEID], [NBKM], [DATEDEBUT], [DATEFIN]) VALUES (321, 3, 21, 117, CAST(N'2018-06-22' AS Date), CAST(N'2018-02-24' AS Date))
GO
INSERT [dbo].[LOCATIONS] ([ID], [CLIENTID], [VEHICULEID], [NBKM], [DATEDEBUT], [DATEFIN]) VALUES (322, 31, 20, 264, CAST(N'2017-11-04' AS Date), CAST(N'2018-06-23' AS Date))
GO
INSERT [dbo].[LOCATIONS] ([ID], [CLIENTID], [VEHICULEID], [NBKM], [DATEDEBUT], [DATEFIN]) VALUES (323, 30, 12, 293, CAST(N'2017-12-29' AS Date), CAST(N'2018-06-08' AS Date))
GO
INSERT [dbo].[LOCATIONS] ([ID], [CLIENTID], [VEHICULEID], [NBKM], [DATEDEBUT], [DATEFIN]) VALUES (324, 14, 6, 91, CAST(N'2018-04-03' AS Date), CAST(N'2018-01-07' AS Date))
GO
INSERT [dbo].[LOCATIONS] ([ID], [CLIENTID], [VEHICULEID], [NBKM], [DATEDEBUT], [DATEFIN]) VALUES (325, 31, 8, 131, CAST(N'2018-07-18' AS Date), CAST(N'2018-02-20' AS Date))
GO
INSERT [dbo].[LOCATIONS] ([ID], [CLIENTID], [VEHICULEID], [NBKM], [DATEDEBUT], [DATEFIN]) VALUES (326, 7, 1, 76, CAST(N'2018-02-07' AS Date), CAST(N'2018-02-12' AS Date))
GO
INSERT [dbo].[LOCATIONS] ([ID], [CLIENTID], [VEHICULEID], [NBKM], [DATEDEBUT], [DATEFIN]) VALUES (327, 15, 8, 235, CAST(N'2018-02-04' AS Date), CAST(N'2018-01-05' AS Date))
GO
INSERT [dbo].[LOCATIONS] ([ID], [CLIENTID], [VEHICULEID], [NBKM], [DATEDEBUT], [DATEFIN]) VALUES (328, 40, 23, 284, CAST(N'2018-07-05' AS Date), CAST(N'2018-04-13' AS Date))
GO
INSERT [dbo].[LOCATIONS] ([ID], [CLIENTID], [VEHICULEID], [NBKM], [DATEDEBUT], [DATEFIN]) VALUES (329, 26, 23, 171, CAST(N'2017-11-07' AS Date), CAST(N'2018-05-07' AS Date))
GO
INSERT [dbo].[LOCATIONS] ([ID], [CLIENTID], [VEHICULEID], [NBKM], [DATEDEBUT], [DATEFIN]) VALUES (331, 3, 19, 220, CAST(N'2018-01-30' AS Date), CAST(N'2018-08-05' AS Date))
GO
INSERT [dbo].[LOCATIONS] ([ID], [CLIENTID], [VEHICULEID], [NBKM], [DATEDEBUT], [DATEFIN]) VALUES (332, 6, 25, 149, CAST(N'2018-06-23' AS Date), CAST(N'2018-06-16' AS Date))
GO
INSERT [dbo].[LOCATIONS] ([ID], [CLIENTID], [VEHICULEID], [NBKM], [DATEDEBUT], [DATEFIN]) VALUES (333, 44, 20, 68, CAST(N'2017-12-06' AS Date), CAST(N'2018-07-06' AS Date))
GO
INSERT [dbo].[LOCATIONS] ([ID], [CLIENTID], [VEHICULEID], [NBKM], [DATEDEBUT], [DATEFIN]) VALUES (334, 38, 1, 238, CAST(N'2018-02-01' AS Date), CAST(N'2018-07-16' AS Date))
GO
INSERT [dbo].[LOCATIONS] ([ID], [CLIENTID], [VEHICULEID], [NBKM], [DATEDEBUT], [DATEFIN]) VALUES (335, 34, 10, 96, CAST(N'2018-07-05' AS Date), CAST(N'2018-03-22' AS Date))
GO
INSERT [dbo].[LOCATIONS] ([ID], [CLIENTID], [VEHICULEID], [NBKM], [DATEDEBUT], [DATEFIN]) VALUES (336, 20, 3, 266, CAST(N'2017-11-18' AS Date), CAST(N'2018-05-05' AS Date))
GO
INSERT [dbo].[LOCATIONS] ([ID], [CLIENTID], [VEHICULEID], [NBKM], [DATEDEBUT], [DATEFIN]) VALUES (337, 41, 21, 180, CAST(N'2018-05-04' AS Date), CAST(N'2018-02-17' AS Date))
GO
INSERT [dbo].[LOCATIONS] ([ID], [CLIENTID], [VEHICULEID], [NBKM], [DATEDEBUT], [DATEFIN]) VALUES (338, 16, 17, 274, CAST(N'2018-03-29' AS Date), CAST(N'2018-08-02' AS Date))
GO
INSERT [dbo].[LOCATIONS] ([ID], [CLIENTID], [VEHICULEID], [NBKM], [DATEDEBUT], [DATEFIN]) VALUES (339, 35, 14, 54, CAST(N'2017-12-03' AS Date), CAST(N'2018-01-06' AS Date))
GO
INSERT [dbo].[LOCATIONS] ([ID], [CLIENTID], [VEHICULEID], [NBKM], [DATEDEBUT], [DATEFIN]) VALUES (342, 13, 21, 291, CAST(N'2017-11-18' AS Date), CAST(N'2018-03-28' AS Date))
GO
INSERT [dbo].[LOCATIONS] ([ID], [CLIENTID], [VEHICULEID], [NBKM], [DATEDEBUT], [DATEFIN]) VALUES (343, 13, 3, 73, CAST(N'2018-05-25' AS Date), CAST(N'2018-07-15' AS Date))
GO
INSERT [dbo].[LOCATIONS] ([ID], [CLIENTID], [VEHICULEID], [NBKM], [DATEDEBUT], [DATEFIN]) VALUES (344, 17, 19, 178, CAST(N'2018-01-31' AS Date), CAST(N'2018-02-04' AS Date))
GO
INSERT [dbo].[LOCATIONS] ([ID], [CLIENTID], [VEHICULEID], [NBKM], [DATEDEBUT], [DATEFIN]) VALUES (345, 12, 30, 135, CAST(N'2017-11-11' AS Date), CAST(N'2018-02-02' AS Date))
GO
INSERT [dbo].[LOCATIONS] ([ID], [CLIENTID], [VEHICULEID], [NBKM], [DATEDEBUT], [DATEFIN]) VALUES (346, 25, 23, 129, CAST(N'2018-06-26' AS Date), CAST(N'2018-01-05' AS Date))
GO
INSERT [dbo].[LOCATIONS] ([ID], [CLIENTID], [VEHICULEID], [NBKM], [DATEDEBUT], [DATEFIN]) VALUES (347, 38, 6, 269, CAST(N'2018-06-25' AS Date), CAST(N'2018-07-05' AS Date))
GO
INSERT [dbo].[LOCATIONS] ([ID], [CLIENTID], [VEHICULEID], [NBKM], [DATEDEBUT], [DATEFIN]) VALUES (350, 25, 10, 58, CAST(N'2017-11-21' AS Date), CAST(N'2018-03-03' AS Date))
GO
INSERT [dbo].[LOCATIONS] ([ID], [CLIENTID], [VEHICULEID], [NBKM], [DATEDEBUT], [DATEFIN]) VALUES (351, 47, 17, 246, CAST(N'2018-02-05' AS Date), CAST(N'2018-05-11' AS Date))
GO
INSERT [dbo].[LOCATIONS] ([ID], [CLIENTID], [VEHICULEID], [NBKM], [DATEDEBUT], [DATEFIN]) VALUES (352, 21, 15, 197, CAST(N'2018-01-27' AS Date), CAST(N'2018-04-26' AS Date))
GO
INSERT [dbo].[LOCATIONS] ([ID], [CLIENTID], [VEHICULEID], [NBKM], [DATEDEBUT], [DATEFIN]) VALUES (354, 14, 12, 258, CAST(N'2018-03-15' AS Date), CAST(N'2018-07-04' AS Date))
GO
INSERT [dbo].[LOCATIONS] ([ID], [CLIENTID], [VEHICULEID], [NBKM], [DATEDEBUT], [DATEFIN]) VALUES (355, 18, 1, 276, CAST(N'2017-12-25' AS Date), CAST(N'2018-01-02' AS Date))
GO
INSERT [dbo].[LOCATIONS] ([ID], [CLIENTID], [VEHICULEID], [NBKM], [DATEDEBUT], [DATEFIN]) VALUES (356, 38, 24, 233, CAST(N'2018-04-18' AS Date), CAST(N'2018-08-11' AS Date))
GO
INSERT [dbo].[LOCATIONS] ([ID], [CLIENTID], [VEHICULEID], [NBKM], [DATEDEBUT], [DATEFIN]) VALUES (357, 3, 14, 123, CAST(N'2018-01-22' AS Date), CAST(N'2018-03-31' AS Date))
GO
INSERT [dbo].[LOCATIONS] ([ID], [CLIENTID], [VEHICULEID], [NBKM], [DATEDEBUT], [DATEFIN]) VALUES (358, 32, 24, 198, CAST(N'2018-04-15' AS Date), CAST(N'2018-05-31' AS Date))
GO
INSERT [dbo].[LOCATIONS] ([ID], [CLIENTID], [VEHICULEID], [NBKM], [DATEDEBUT], [DATEFIN]) VALUES (359, 21, 18, 204, CAST(N'2018-02-19' AS Date), CAST(N'2018-01-09' AS Date))
GO
INSERT [dbo].[LOCATIONS] ([ID], [CLIENTID], [VEHICULEID], [NBKM], [DATEDEBUT], [DATEFIN]) VALUES (360, 38, 17, 184, CAST(N'2018-01-10' AS Date), CAST(N'2017-12-18' AS Date))
GO
INSERT [dbo].[LOCATIONS] ([ID], [CLIENTID], [VEHICULEID], [NBKM], [DATEDEBUT], [DATEFIN]) VALUES (361, 37, 16, 248, CAST(N'2018-05-13' AS Date), CAST(N'2018-04-26' AS Date))
GO
INSERT [dbo].[LOCATIONS] ([ID], [CLIENTID], [VEHICULEID], [NBKM], [DATEDEBUT], [DATEFIN]) VALUES (362, 30, 30, 198, CAST(N'2018-05-18' AS Date), CAST(N'2018-06-13' AS Date))
GO
INSERT [dbo].[LOCATIONS] ([ID], [CLIENTID], [VEHICULEID], [NBKM], [DATEDEBUT], [DATEFIN]) VALUES (365, 32, 1, 264, CAST(N'2018-03-27' AS Date), CAST(N'2018-08-04' AS Date))
GO
INSERT [dbo].[LOCATIONS] ([ID], [CLIENTID], [VEHICULEID], [NBKM], [DATEDEBUT], [DATEFIN]) VALUES (366, 7, 22, 292, CAST(N'2017-12-31' AS Date), CAST(N'2018-03-31' AS Date))
GO
INSERT [dbo].[LOCATIONS] ([ID], [CLIENTID], [VEHICULEID], [NBKM], [DATEDEBUT], [DATEFIN]) VALUES (367, 48, 10, 156, CAST(N'2017-11-05' AS Date), CAST(N'2018-04-04' AS Date))
GO
INSERT [dbo].[LOCATIONS] ([ID], [CLIENTID], [VEHICULEID], [NBKM], [DATEDEBUT], [DATEFIN]) VALUES (368, 4, 6, 129, CAST(N'2017-12-08' AS Date), CAST(N'2018-08-17' AS Date))
GO
INSERT [dbo].[LOCATIONS] ([ID], [CLIENTID], [VEHICULEID], [NBKM], [DATEDEBUT], [DATEFIN]) VALUES (369, 12, 1, 145, CAST(N'2018-01-14' AS Date), CAST(N'2018-04-26' AS Date))
GO
INSERT [dbo].[LOCATIONS] ([ID], [CLIENTID], [VEHICULEID], [NBKM], [DATEDEBUT], [DATEFIN]) VALUES (370, 20, 6, 106, CAST(N'2018-04-09' AS Date), CAST(N'2018-08-08' AS Date))
GO
INSERT [dbo].[LOCATIONS] ([ID], [CLIENTID], [VEHICULEID], [NBKM], [DATEDEBUT], [DATEFIN]) VALUES (371, 46, 27, 127, CAST(N'2018-02-27' AS Date), CAST(N'2018-03-17' AS Date))
GO
INSERT [dbo].[LOCATIONS] ([ID], [CLIENTID], [VEHICULEID], [NBKM], [DATEDEBUT], [DATEFIN]) VALUES (373, 4, 21, 209, CAST(N'2018-01-05' AS Date), CAST(N'2018-01-10' AS Date))
GO
INSERT [dbo].[LOCATIONS] ([ID], [CLIENTID], [VEHICULEID], [NBKM], [DATEDEBUT], [DATEFIN]) VALUES (375, 7, 8, 173, CAST(N'2017-12-23' AS Date), CAST(N'2018-07-02' AS Date))
GO
INSERT [dbo].[LOCATIONS] ([ID], [CLIENTID], [VEHICULEID], [NBKM], [DATEDEBUT], [DATEFIN]) VALUES (376, 24, 26, 286, CAST(N'2018-01-21' AS Date), CAST(N'2017-12-04' AS Date))
GO
INSERT [dbo].[LOCATIONS] ([ID], [CLIENTID], [VEHICULEID], [NBKM], [DATEDEBUT], [DATEFIN]) VALUES (377, 29, 26, 180, CAST(N'2018-02-02' AS Date), CAST(N'2017-12-21' AS Date))
GO
INSERT [dbo].[LOCATIONS] ([ID], [CLIENTID], [VEHICULEID], [NBKM], [DATEDEBUT], [DATEFIN]) VALUES (378, 20, 24, 79, CAST(N'2018-07-26' AS Date), CAST(N'2018-03-13' AS Date))
GO
INSERT [dbo].[LOCATIONS] ([ID], [CLIENTID], [VEHICULEID], [NBKM], [DATEDEBUT], [DATEFIN]) VALUES (379, 31, 16, 128, CAST(N'2018-04-21' AS Date), CAST(N'2018-08-19' AS Date))
GO
INSERT [dbo].[LOCATIONS] ([ID], [CLIENTID], [VEHICULEID], [NBKM], [DATEDEBUT], [DATEFIN]) VALUES (380, 27, 8, 172, CAST(N'2018-03-11' AS Date), CAST(N'2018-05-24' AS Date))
GO
INSERT [dbo].[LOCATIONS] ([ID], [CLIENTID], [VEHICULEID], [NBKM], [DATEDEBUT], [DATEFIN]) VALUES (381, 30, 27, 223, CAST(N'2017-11-29' AS Date), CAST(N'2018-02-15' AS Date))
GO
INSERT [dbo].[LOCATIONS] ([ID], [CLIENTID], [VEHICULEID], [NBKM], [DATEDEBUT], [DATEFIN]) VALUES (382, 31, 1, 66, CAST(N'2017-11-13' AS Date), CAST(N'2017-12-28' AS Date))
GO
INSERT [dbo].[LOCATIONS] ([ID], [CLIENTID], [VEHICULEID], [NBKM], [DATEDEBUT], [DATEFIN]) VALUES (383, 36, 14, 289, CAST(N'2018-05-09' AS Date), CAST(N'2018-03-30' AS Date))
GO
INSERT [dbo].[LOCATIONS] ([ID], [CLIENTID], [VEHICULEID], [NBKM], [DATEDEBUT], [DATEFIN]) VALUES (384, 32, 21, 183, CAST(N'2018-02-03' AS Date), CAST(N'2018-04-28' AS Date))
GO
INSERT [dbo].[LOCATIONS] ([ID], [CLIENTID], [VEHICULEID], [NBKM], [DATEDEBUT], [DATEFIN]) VALUES (387, 44, 26, 106, CAST(N'2017-11-16' AS Date), CAST(N'2018-07-15' AS Date))
GO
INSERT [dbo].[LOCATIONS] ([ID], [CLIENTID], [VEHICULEID], [NBKM], [DATEDEBUT], [DATEFIN]) VALUES (388, 38, 23, 257, CAST(N'2018-01-08' AS Date), CAST(N'2018-07-10' AS Date))
GO
INSERT [dbo].[LOCATIONS] ([ID], [CLIENTID], [VEHICULEID], [NBKM], [DATEDEBUT], [DATEFIN]) VALUES (391, 26, 28, 260, CAST(N'2018-06-02' AS Date), CAST(N'2018-05-29' AS Date))
GO
INSERT [dbo].[LOCATIONS] ([ID], [CLIENTID], [VEHICULEID], [NBKM], [DATEDEBUT], [DATEFIN]) VALUES (392, 9, 21, 174, CAST(N'2018-02-25' AS Date), CAST(N'2018-03-04' AS Date))
GO
INSERT [dbo].[LOCATIONS] ([ID], [CLIENTID], [VEHICULEID], [NBKM], [DATEDEBUT], [DATEFIN]) VALUES (393, 11, 21, 251, CAST(N'2018-01-06' AS Date), CAST(N'2018-01-03' AS Date))
GO
INSERT [dbo].[LOCATIONS] ([ID], [CLIENTID], [VEHICULEID], [NBKM], [DATEDEBUT], [DATEFIN]) VALUES (394, 18, 16, 272, CAST(N'2017-11-10' AS Date), CAST(N'2018-04-09' AS Date))
GO
INSERT [dbo].[LOCATIONS] ([ID], [CLIENTID], [VEHICULEID], [NBKM], [DATEDEBUT], [DATEFIN]) VALUES (395, 36, 8, 163, CAST(N'2017-12-25' AS Date), CAST(N'2017-12-11' AS Date))
GO
INSERT [dbo].[LOCATIONS] ([ID], [CLIENTID], [VEHICULEID], [NBKM], [DATEDEBUT], [DATEFIN]) VALUES (396, 43, 18, 103, CAST(N'2018-03-18' AS Date), CAST(N'2018-07-07' AS Date))
GO
INSERT [dbo].[LOCATIONS] ([ID], [CLIENTID], [VEHICULEID], [NBKM], [DATEDEBUT], [DATEFIN]) VALUES (397, 28, 14, 271, CAST(N'2017-12-11' AS Date), CAST(N'2018-07-24' AS Date))
GO
INSERT [dbo].[LOCATIONS] ([ID], [CLIENTID], [VEHICULEID], [NBKM], [DATEDEBUT], [DATEFIN]) VALUES (398, 11, 16, 200, CAST(N'2018-01-14' AS Date), CAST(N'2018-07-21' AS Date))
GO
INSERT [dbo].[LOCATIONS] ([ID], [CLIENTID], [VEHICULEID], [NBKM], [DATEDEBUT], [DATEFIN]) VALUES (399, 25, 30, 275, CAST(N'2018-01-02' AS Date), CAST(N'2018-03-11' AS Date))
GO
INSERT [dbo].[LOCATIONS] ([ID], [CLIENTID], [VEHICULEID], [NBKM], [DATEDEBUT], [DATEFIN]) VALUES (401, 1, 12, 222, CAST(N'2018-03-15' AS Date), CAST(N'2018-07-17' AS Date))
GO
INSERT [dbo].[LOCATIONS] ([ID], [CLIENTID], [VEHICULEID], [NBKM], [DATEDEBUT], [DATEFIN]) VALUES (402, 23, 3, 131, CAST(N'2018-07-15' AS Date), CAST(N'2018-07-02' AS Date))
GO
INSERT [dbo].[LOCATIONS] ([ID], [CLIENTID], [VEHICULEID], [NBKM], [DATEDEBUT], [DATEFIN]) VALUES (403, 40, 12, 235, CAST(N'2017-11-09' AS Date), CAST(N'2018-02-12' AS Date))
GO
INSERT [dbo].[LOCATIONS] ([ID], [CLIENTID], [VEHICULEID], [NBKM], [DATEDEBUT], [DATEFIN]) VALUES (404, 2, 26, 89, CAST(N'2018-06-17' AS Date), CAST(N'2018-08-11' AS Date))
GO
INSERT [dbo].[LOCATIONS] ([ID], [CLIENTID], [VEHICULEID], [NBKM], [DATEDEBUT], [DATEFIN]) VALUES (405, 44, 15, 120, CAST(N'2018-01-21' AS Date), CAST(N'2018-02-09' AS Date))
GO
INSERT [dbo].[LOCATIONS] ([ID], [CLIENTID], [VEHICULEID], [NBKM], [DATEDEBUT], [DATEFIN]) VALUES (406, 43, 23, 170, CAST(N'2018-05-08' AS Date), CAST(N'2018-06-20' AS Date))
GO
INSERT [dbo].[LOCATIONS] ([ID], [CLIENTID], [VEHICULEID], [NBKM], [DATEDEBUT], [DATEFIN]) VALUES (407, 32, 28, 80, CAST(N'2017-11-22' AS Date), CAST(N'2018-02-01' AS Date))
GO
INSERT [dbo].[LOCATIONS] ([ID], [CLIENTID], [VEHICULEID], [NBKM], [DATEDEBUT], [DATEFIN]) VALUES (408, 26, 12, 63, CAST(N'2018-03-09' AS Date), CAST(N'2018-07-02' AS Date))
GO
INSERT [dbo].[LOCATIONS] ([ID], [CLIENTID], [VEHICULEID], [NBKM], [DATEDEBUT], [DATEFIN]) VALUES (409, 1, 11, 251, CAST(N'2018-05-08' AS Date), CAST(N'2017-12-24' AS Date))
GO
INSERT [dbo].[LOCATIONS] ([ID], [CLIENTID], [VEHICULEID], [NBKM], [DATEDEBUT], [DATEFIN]) VALUES (410, 13, 17, 81, CAST(N'2018-07-20' AS Date), CAST(N'2018-06-06' AS Date))
GO
INSERT [dbo].[LOCATIONS] ([ID], [CLIENTID], [VEHICULEID], [NBKM], [DATEDEBUT], [DATEFIN]) VALUES (411, 29, 8, 101, CAST(N'2017-12-14' AS Date), CAST(N'2018-07-26' AS Date))
GO
INSERT [dbo].[LOCATIONS] ([ID], [CLIENTID], [VEHICULEID], [NBKM], [DATEDEBUT], [DATEFIN]) VALUES (412, 14, 12, 207, CAST(N'2017-12-23' AS Date), CAST(N'2018-05-15' AS Date))
GO
INSERT [dbo].[LOCATIONS] ([ID], [CLIENTID], [VEHICULEID], [NBKM], [DATEDEBUT], [DATEFIN]) VALUES (413, 48, 20, 299, CAST(N'2018-07-03' AS Date), CAST(N'2018-07-11' AS Date))
GO
INSERT [dbo].[LOCATIONS] ([ID], [CLIENTID], [VEHICULEID], [NBKM], [DATEDEBUT], [DATEFIN]) VALUES (414, 25, 19, 64, CAST(N'2017-12-22' AS Date), CAST(N'2018-07-14' AS Date))
GO
INSERT [dbo].[LOCATIONS] ([ID], [CLIENTID], [VEHICULEID], [NBKM], [DATEDEBUT], [DATEFIN]) VALUES (415, 33, 11, 212, CAST(N'2018-03-18' AS Date), CAST(N'2018-03-26' AS Date))
GO
INSERT [dbo].[LOCATIONS] ([ID], [CLIENTID], [VEHICULEID], [NBKM], [DATEDEBUT], [DATEFIN]) VALUES (417, 32, 8, 64, CAST(N'2018-03-11' AS Date), CAST(N'2018-01-31' AS Date))
GO
INSERT [dbo].[LOCATIONS] ([ID], [CLIENTID], [VEHICULEID], [NBKM], [DATEDEBUT], [DATEFIN]) VALUES (418, 25, 8, 65, CAST(N'2018-07-07' AS Date), CAST(N'2018-05-02' AS Date))
GO
INSERT [dbo].[LOCATIONS] ([ID], [CLIENTID], [VEHICULEID], [NBKM], [DATEDEBUT], [DATEFIN]) VALUES (419, 27, 21, 237, CAST(N'2017-11-14' AS Date), CAST(N'2017-12-12' AS Date))
GO
INSERT [dbo].[LOCATIONS] ([ID], [CLIENTID], [VEHICULEID], [NBKM], [DATEDEBUT], [DATEFIN]) VALUES (420, 11, 8, 258, CAST(N'2017-12-15' AS Date), CAST(N'2018-02-13' AS Date))
GO
INSERT [dbo].[LOCATIONS] ([ID], [CLIENTID], [VEHICULEID], [NBKM], [DATEDEBUT], [DATEFIN]) VALUES (421, 4, 23, 148, CAST(N'2018-06-18' AS Date), CAST(N'2017-12-30' AS Date))
GO
INSERT [dbo].[LOCATIONS] ([ID], [CLIENTID], [VEHICULEID], [NBKM], [DATEDEBUT], [DATEFIN]) VALUES (422, 38, 10, 215, CAST(N'2017-12-19' AS Date), CAST(N'2018-02-09' AS Date))
GO
INSERT [dbo].[LOCATIONS] ([ID], [CLIENTID], [VEHICULEID], [NBKM], [DATEDEBUT], [DATEFIN]) VALUES (423, 39, 19, 100, CAST(N'2017-11-03' AS Date), CAST(N'2018-03-11' AS Date))
GO
INSERT [dbo].[LOCATIONS] ([ID], [CLIENTID], [VEHICULEID], [NBKM], [DATEDEBUT], [DATEFIN]) VALUES (424, 18, 3, 77, CAST(N'2018-07-11' AS Date), CAST(N'2018-08-05' AS Date))
GO
INSERT [dbo].[LOCATIONS] ([ID], [CLIENTID], [VEHICULEID], [NBKM], [DATEDEBUT], [DATEFIN]) VALUES (425, 48, 20, 142, CAST(N'2018-05-30' AS Date), CAST(N'2018-02-16' AS Date))
GO
INSERT [dbo].[LOCATIONS] ([ID], [CLIENTID], [VEHICULEID], [NBKM], [DATEDEBUT], [DATEFIN]) VALUES (426, 11, 12, 144, CAST(N'2018-04-07' AS Date), CAST(N'2018-02-14' AS Date))
GO
INSERT [dbo].[LOCATIONS] ([ID], [CLIENTID], [VEHICULEID], [NBKM], [DATEDEBUT], [DATEFIN]) VALUES (427, 2, 30, 149, CAST(N'2018-04-15' AS Date), CAST(N'2018-04-04' AS Date))
GO
INSERT [dbo].[LOCATIONS] ([ID], [CLIENTID], [VEHICULEID], [NBKM], [DATEDEBUT], [DATEFIN]) VALUES (428, 29, 3, 88, CAST(N'2018-03-13' AS Date), CAST(N'2017-12-17' AS Date))
GO
INSERT [dbo].[LOCATIONS] ([ID], [CLIENTID], [VEHICULEID], [NBKM], [DATEDEBUT], [DATEFIN]) VALUES (429, 14, 27, 135, CAST(N'2018-05-16' AS Date), CAST(N'2018-01-14' AS Date))
GO
INSERT [dbo].[LOCATIONS] ([ID], [CLIENTID], [VEHICULEID], [NBKM], [DATEDEBUT], [DATEFIN]) VALUES (430, 15, 8, 225, CAST(N'2018-03-01' AS Date), CAST(N'2018-07-31' AS Date))
GO
INSERT [dbo].[LOCATIONS] ([ID], [CLIENTID], [VEHICULEID], [NBKM], [DATEDEBUT], [DATEFIN]) VALUES (431, 39, 29, 192, CAST(N'2018-07-14' AS Date), CAST(N'2018-01-08' AS Date))
GO
INSERT [dbo].[LOCATIONS] ([ID], [CLIENTID], [VEHICULEID], [NBKM], [DATEDEBUT], [DATEFIN]) VALUES (432, 4, 23, 102, CAST(N'2017-12-01' AS Date), CAST(N'2018-07-25' AS Date))
GO
INSERT [dbo].[LOCATIONS] ([ID], [CLIENTID], [VEHICULEID], [NBKM], [DATEDEBUT], [DATEFIN]) VALUES (433, 40, 28, 226, CAST(N'2018-05-03' AS Date), CAST(N'2017-12-30' AS Date))
GO
INSERT [dbo].[LOCATIONS] ([ID], [CLIENTID], [VEHICULEID], [NBKM], [DATEDEBUT], [DATEFIN]) VALUES (435, 38, 30, 102, CAST(N'2018-02-03' AS Date), CAST(N'2018-05-11' AS Date))
GO
INSERT [dbo].[LOCATIONS] ([ID], [CLIENTID], [VEHICULEID], [NBKM], [DATEDEBUT], [DATEFIN]) VALUES (436, 18, 3, 160, CAST(N'2018-07-17' AS Date), CAST(N'2018-06-07' AS Date))
GO
INSERT [dbo].[LOCATIONS] ([ID], [CLIENTID], [VEHICULEID], [NBKM], [DATEDEBUT], [DATEFIN]) VALUES (437, 40, 5, 69, CAST(N'2018-07-07' AS Date), CAST(N'2018-01-23' AS Date))
GO
INSERT [dbo].[LOCATIONS] ([ID], [CLIENTID], [VEHICULEID], [NBKM], [DATEDEBUT], [DATEFIN]) VALUES (438, 18, 25, 140, CAST(N'2018-04-24' AS Date), CAST(N'2018-07-17' AS Date))
GO
INSERT [dbo].[LOCATIONS] ([ID], [CLIENTID], [VEHICULEID], [NBKM], [DATEDEBUT], [DATEFIN]) VALUES (439, 44, 12, 197, CAST(N'2018-05-08' AS Date), CAST(N'2018-04-25' AS Date))
GO
INSERT [dbo].[LOCATIONS] ([ID], [CLIENTID], [VEHICULEID], [NBKM], [DATEDEBUT], [DATEFIN]) VALUES (440, 36, 10, 208, CAST(N'2017-12-23' AS Date), CAST(N'2018-04-15' AS Date))
GO
INSERT [dbo].[LOCATIONS] ([ID], [CLIENTID], [VEHICULEID], [NBKM], [DATEDEBUT], [DATEFIN]) VALUES (441, 17, 16, 283, CAST(N'2017-12-28' AS Date), CAST(N'2018-07-25' AS Date))
GO
INSERT [dbo].[LOCATIONS] ([ID], [CLIENTID], [VEHICULEID], [NBKM], [DATEDEBUT], [DATEFIN]) VALUES (442, 46, 1, 228, CAST(N'2018-07-08' AS Date), CAST(N'2018-07-26' AS Date))
GO
INSERT [dbo].[LOCATIONS] ([ID], [CLIENTID], [VEHICULEID], [NBKM], [DATEDEBUT], [DATEFIN]) VALUES (443, 35, 27, 76, CAST(N'2018-03-26' AS Date), CAST(N'2018-08-12' AS Date))
GO
INSERT [dbo].[LOCATIONS] ([ID], [CLIENTID], [VEHICULEID], [NBKM], [DATEDEBUT], [DATEFIN]) VALUES (444, 8, 17, 93, CAST(N'2018-07-09' AS Date), CAST(N'2018-04-15' AS Date))
GO
INSERT [dbo].[LOCATIONS] ([ID], [CLIENTID], [VEHICULEID], [NBKM], [DATEDEBUT], [DATEFIN]) VALUES (445, 25, 24, 51, CAST(N'2018-07-21' AS Date), CAST(N'2018-07-14' AS Date))
GO
INSERT [dbo].[LOCATIONS] ([ID], [CLIENTID], [VEHICULEID], [NBKM], [DATEDEBUT], [DATEFIN]) VALUES (446, 5, 11, 92, CAST(N'2018-02-22' AS Date), CAST(N'2018-01-11' AS Date))
GO
INSERT [dbo].[LOCATIONS] ([ID], [CLIENTID], [VEHICULEID], [NBKM], [DATEDEBUT], [DATEFIN]) VALUES (447, 13, 14, 100, CAST(N'2017-11-01' AS Date), CAST(N'2018-01-24' AS Date))
GO
INSERT [dbo].[LOCATIONS] ([ID], [CLIENTID], [VEHICULEID], [NBKM], [DATEDEBUT], [DATEFIN]) VALUES (448, 19, 2, 217, CAST(N'2018-03-07' AS Date), CAST(N'2018-03-27' AS Date))
GO
INSERT [dbo].[LOCATIONS] ([ID], [CLIENTID], [VEHICULEID], [NBKM], [DATEDEBUT], [DATEFIN]) VALUES (449, 5, 22, 278, CAST(N'2018-02-04' AS Date), CAST(N'2018-04-09' AS Date))
GO
INSERT [dbo].[LOCATIONS] ([ID], [CLIENTID], [VEHICULEID], [NBKM], [DATEDEBUT], [DATEFIN]) VALUES (450, 44, 30, 202, CAST(N'2018-01-17' AS Date), CAST(N'2018-03-24' AS Date))
GO
INSERT [dbo].[LOCATIONS] ([ID], [CLIENTID], [VEHICULEID], [NBKM], [DATEDEBUT], [DATEFIN]) VALUES (451, 31, 19, 68, CAST(N'2018-02-10' AS Date), CAST(N'2018-02-17' AS Date))
GO
INSERT [dbo].[LOCATIONS] ([ID], [CLIENTID], [VEHICULEID], [NBKM], [DATEDEBUT], [DATEFIN]) VALUES (452, 20, 10, 299, CAST(N'2018-04-26' AS Date), CAST(N'2018-01-23' AS Date))
GO
INSERT [dbo].[LOCATIONS] ([ID], [CLIENTID], [VEHICULEID], [NBKM], [DATEDEBUT], [DATEFIN]) VALUES (453, 42, 11, 130, CAST(N'2018-01-09' AS Date), CAST(N'2017-12-20' AS Date))
GO
INSERT [dbo].[LOCATIONS] ([ID], [CLIENTID], [VEHICULEID], [NBKM], [DATEDEBUT], [DATEFIN]) VALUES (454, 44, 15, 69, CAST(N'2018-03-18' AS Date), CAST(N'2018-03-28' AS Date))
GO
INSERT [dbo].[LOCATIONS] ([ID], [CLIENTID], [VEHICULEID], [NBKM], [DATEDEBUT], [DATEFIN]) VALUES (456, 47, 5, 280, CAST(N'2018-07-23' AS Date), CAST(N'2018-05-09' AS Date))
GO
INSERT [dbo].[LOCATIONS] ([ID], [CLIENTID], [VEHICULEID], [NBKM], [DATEDEBUT], [DATEFIN]) VALUES (457, 14, 25, 71, CAST(N'2017-12-29' AS Date), CAST(N'2018-06-20' AS Date))
GO
INSERT [dbo].[LOCATIONS] ([ID], [CLIENTID], [VEHICULEID], [NBKM], [DATEDEBUT], [DATEFIN]) VALUES (459, 49, 21, 115, CAST(N'2017-11-11' AS Date), CAST(N'2018-07-20' AS Date))
GO
INSERT [dbo].[LOCATIONS] ([ID], [CLIENTID], [VEHICULEID], [NBKM], [DATEDEBUT], [DATEFIN]) VALUES (460, 30, 26, 179, CAST(N'2018-05-18' AS Date), CAST(N'2018-08-08' AS Date))
GO
INSERT [dbo].[LOCATIONS] ([ID], [CLIENTID], [VEHICULEID], [NBKM], [DATEDEBUT], [DATEFIN]) VALUES (461, 9, 30, 262, CAST(N'2018-06-08' AS Date), CAST(N'2018-05-21' AS Date))
GO
INSERT [dbo].[LOCATIONS] ([ID], [CLIENTID], [VEHICULEID], [NBKM], [DATEDEBUT], [DATEFIN]) VALUES (462, 25, 12, 68, CAST(N'2018-02-18' AS Date), CAST(N'2018-01-20' AS Date))
GO
INSERT [dbo].[LOCATIONS] ([ID], [CLIENTID], [VEHICULEID], [NBKM], [DATEDEBUT], [DATEFIN]) VALUES (464, 31, 2, 109, CAST(N'2018-01-08' AS Date), CAST(N'2018-07-12' AS Date))
GO
INSERT [dbo].[LOCATIONS] ([ID], [CLIENTID], [VEHICULEID], [NBKM], [DATEDEBUT], [DATEFIN]) VALUES (465, 40, 25, 80, CAST(N'2018-06-27' AS Date), CAST(N'2018-07-30' AS Date))
GO
INSERT [dbo].[LOCATIONS] ([ID], [CLIENTID], [VEHICULEID], [NBKM], [DATEDEBUT], [DATEFIN]) VALUES (466, 1, 24, 70, CAST(N'2018-01-07' AS Date), CAST(N'2017-12-25' AS Date))
GO
INSERT [dbo].[LOCATIONS] ([ID], [CLIENTID], [VEHICULEID], [NBKM], [DATEDEBUT], [DATEFIN]) VALUES (467, 20, 15, 286, CAST(N'2017-11-06' AS Date), CAST(N'2018-03-02' AS Date))
GO
INSERT [dbo].[LOCATIONS] ([ID], [CLIENTID], [VEHICULEID], [NBKM], [DATEDEBUT], [DATEFIN]) VALUES (468, 24, 9, 300, CAST(N'2018-03-23' AS Date), CAST(N'2018-03-22' AS Date))
GO
INSERT [dbo].[LOCATIONS] ([ID], [CLIENTID], [VEHICULEID], [NBKM], [DATEDEBUT], [DATEFIN]) VALUES (470, 3, 17, 130, CAST(N'2018-05-17' AS Date), CAST(N'2018-07-16' AS Date))
GO
INSERT [dbo].[LOCATIONS] ([ID], [CLIENTID], [VEHICULEID], [NBKM], [DATEDEBUT], [DATEFIN]) VALUES (471, 28, 22, 106, CAST(N'2018-02-20' AS Date), CAST(N'2018-05-28' AS Date))
GO
INSERT [dbo].[LOCATIONS] ([ID], [CLIENTID], [VEHICULEID], [NBKM], [DATEDEBUT], [DATEFIN]) VALUES (472, 25, 9, 259, CAST(N'2018-02-10' AS Date), CAST(N'2018-05-07' AS Date))
GO
INSERT [dbo].[LOCATIONS] ([ID], [CLIENTID], [VEHICULEID], [NBKM], [DATEDEBUT], [DATEFIN]) VALUES (473, 47, 14, 156, CAST(N'2018-05-11' AS Date), CAST(N'2018-01-17' AS Date))
GO
INSERT [dbo].[LOCATIONS] ([ID], [CLIENTID], [VEHICULEID], [NBKM], [DATEDEBUT], [DATEFIN]) VALUES (474, 4, 14, 182, CAST(N'2018-04-06' AS Date), CAST(N'2018-02-10' AS Date))
GO
INSERT [dbo].[LOCATIONS] ([ID], [CLIENTID], [VEHICULEID], [NBKM], [DATEDEBUT], [DATEFIN]) VALUES (475, 40, 10, 162, CAST(N'2017-11-04' AS Date), CAST(N'2018-04-10' AS Date))
GO
INSERT [dbo].[LOCATIONS] ([ID], [CLIENTID], [VEHICULEID], [NBKM], [DATEDEBUT], [DATEFIN]) VALUES (476, 47, 14, 107, CAST(N'2018-04-29' AS Date), CAST(N'2018-06-15' AS Date))
GO
INSERT [dbo].[LOCATIONS] ([ID], [CLIENTID], [VEHICULEID], [NBKM], [DATEDEBUT], [DATEFIN]) VALUES (477, 5, 16, 238, CAST(N'2017-12-01' AS Date), CAST(N'2018-07-22' AS Date))
GO
INSERT [dbo].[LOCATIONS] ([ID], [CLIENTID], [VEHICULEID], [NBKM], [DATEDEBUT], [DATEFIN]) VALUES (478, 9, 27, 266, CAST(N'2017-12-03' AS Date), CAST(N'2018-07-02' AS Date))
GO
INSERT [dbo].[LOCATIONS] ([ID], [CLIENTID], [VEHICULEID], [NBKM], [DATEDEBUT], [DATEFIN]) VALUES (479, 31, 1, 73, CAST(N'2018-03-18' AS Date), CAST(N'2018-05-22' AS Date))
GO
INSERT [dbo].[LOCATIONS] ([ID], [CLIENTID], [VEHICULEID], [NBKM], [DATEDEBUT], [DATEFIN]) VALUES (480, 30, 18, 62, CAST(N'2018-03-03' AS Date), CAST(N'2018-03-03' AS Date))
GO
INSERT [dbo].[LOCATIONS] ([ID], [CLIENTID], [VEHICULEID], [NBKM], [DATEDEBUT], [DATEFIN]) VALUES (481, 38, 22, 158, CAST(N'2018-04-13' AS Date), CAST(N'2018-05-11' AS Date))
GO
INSERT [dbo].[LOCATIONS] ([ID], [CLIENTID], [VEHICULEID], [NBKM], [DATEDEBUT], [DATEFIN]) VALUES (482, 23, 18, 157, CAST(N'2018-04-13' AS Date), CAST(N'2018-05-15' AS Date))
GO
INSERT [dbo].[LOCATIONS] ([ID], [CLIENTID], [VEHICULEID], [NBKM], [DATEDEBUT], [DATEFIN]) VALUES (483, 16, 12, 129, CAST(N'2018-01-02' AS Date), CAST(N'2018-08-05' AS Date))
GO
INSERT [dbo].[LOCATIONS] ([ID], [CLIENTID], [VEHICULEID], [NBKM], [DATEDEBUT], [DATEFIN]) VALUES (484, 40, 28, 87, CAST(N'2018-01-24' AS Date), CAST(N'2018-07-22' AS Date))
GO
INSERT [dbo].[LOCATIONS] ([ID], [CLIENTID], [VEHICULEID], [NBKM], [DATEDEBUT], [DATEFIN]) VALUES (485, 37, 9, 50, CAST(N'2018-04-16' AS Date), CAST(N'2018-05-27' AS Date))
GO
INSERT [dbo].[LOCATIONS] ([ID], [CLIENTID], [VEHICULEID], [NBKM], [DATEDEBUT], [DATEFIN]) VALUES (486, 21, 19, 251, CAST(N'2018-04-08' AS Date), CAST(N'2018-07-26' AS Date))
GO
INSERT [dbo].[LOCATIONS] ([ID], [CLIENTID], [VEHICULEID], [NBKM], [DATEDEBUT], [DATEFIN]) VALUES (487, 27, 9, 194, CAST(N'2017-12-13' AS Date), CAST(N'2018-04-17' AS Date))
GO
INSERT [dbo].[LOCATIONS] ([ID], [CLIENTID], [VEHICULEID], [NBKM], [DATEDEBUT], [DATEFIN]) VALUES (488, 40, 11, 85, CAST(N'2018-07-06' AS Date), CAST(N'2018-03-23' AS Date))
GO
INSERT [dbo].[LOCATIONS] ([ID], [CLIENTID], [VEHICULEID], [NBKM], [DATEDEBUT], [DATEFIN]) VALUES (489, 9, 15, 244, CAST(N'2018-02-09' AS Date), CAST(N'2018-05-26' AS Date))
GO
INSERT [dbo].[LOCATIONS] ([ID], [CLIENTID], [VEHICULEID], [NBKM], [DATEDEBUT], [DATEFIN]) VALUES (491, 36, 30, 264, CAST(N'2017-12-05' AS Date), CAST(N'2018-05-21' AS Date))
GO
INSERT [dbo].[LOCATIONS] ([ID], [CLIENTID], [VEHICULEID], [NBKM], [DATEDEBUT], [DATEFIN]) VALUES (492, 40, 5, 284, CAST(N'2017-11-10' AS Date), CAST(N'2018-04-16' AS Date))
GO
INSERT [dbo].[LOCATIONS] ([ID], [CLIENTID], [VEHICULEID], [NBKM], [DATEDEBUT], [DATEFIN]) VALUES (493, 32, 20, 74, CAST(N'2017-12-24' AS Date), CAST(N'2018-06-26' AS Date))
GO
INSERT [dbo].[LOCATIONS] ([ID], [CLIENTID], [VEHICULEID], [NBKM], [DATEDEBUT], [DATEFIN]) VALUES (494, 28, 22, 147, CAST(N'2018-05-21' AS Date), CAST(N'2018-07-24' AS Date))
GO
INSERT [dbo].[LOCATIONS] ([ID], [CLIENTID], [VEHICULEID], [NBKM], [DATEDEBUT], [DATEFIN]) VALUES (496, 49, 25, 260, CAST(N'2018-01-21' AS Date), CAST(N'2018-06-07' AS Date))
GO
INSERT [dbo].[LOCATIONS] ([ID], [CLIENTID], [VEHICULEID], [NBKM], [DATEDEBUT], [DATEFIN]) VALUES (497, 31, 9, 180, CAST(N'2018-04-15' AS Date), CAST(N'2018-02-11' AS Date))
GO
INSERT [dbo].[LOCATIONS] ([ID], [CLIENTID], [VEHICULEID], [NBKM], [DATEDEBUT], [DATEFIN]) VALUES (498, 28, 19, 294, CAST(N'2018-06-30' AS Date), CAST(N'2017-12-07' AS Date))
GO
INSERT [dbo].[LOCATIONS] ([ID], [CLIENTID], [VEHICULEID], [NBKM], [DATEDEBUT], [DATEFIN]) VALUES (499, 2, 9, 117, CAST(N'2018-01-09' AS Date), CAST(N'2018-06-15' AS Date))
GO
INSERT [dbo].[LOCATIONS] ([ID], [CLIENTID], [VEHICULEID], [NBKM], [DATEDEBUT], [DATEFIN]) VALUES (501, 24, 20, 219, CAST(N'2018-04-26' AS Date), CAST(N'2017-12-28' AS Date))
GO
INSERT [dbo].[LOCATIONS] ([ID], [CLIENTID], [VEHICULEID], [NBKM], [DATEDEBUT], [DATEFIN]) VALUES (502, 21, 10, 96, CAST(N'2017-11-25' AS Date), CAST(N'2018-07-19' AS Date))
GO
INSERT [dbo].[LOCATIONS] ([ID], [CLIENTID], [VEHICULEID], [NBKM], [DATEDEBUT], [DATEFIN]) VALUES (503, 22, 18, 263, CAST(N'2018-07-22' AS Date), CAST(N'2018-03-22' AS Date))
GO
INSERT [dbo].[LOCATIONS] ([ID], [CLIENTID], [VEHICULEID], [NBKM], [DATEDEBUT], [DATEFIN]) VALUES (504, 37, 17, 220, CAST(N'2018-05-13' AS Date), CAST(N'2018-01-21' AS Date))
GO
INSERT [dbo].[LOCATIONS] ([ID], [CLIENTID], [VEHICULEID], [NBKM], [DATEDEBUT], [DATEFIN]) VALUES (505, 49, 21, 79, CAST(N'2017-11-29' AS Date), CAST(N'2018-01-31' AS Date))
GO
INSERT [dbo].[LOCATIONS] ([ID], [CLIENTID], [VEHICULEID], [NBKM], [DATEDEBUT], [DATEFIN]) VALUES (506, 2, 1, 132, CAST(N'2017-12-22' AS Date), CAST(N'2018-01-21' AS Date))
GO
INSERT [dbo].[LOCATIONS] ([ID], [CLIENTID], [VEHICULEID], [NBKM], [DATEDEBUT], [DATEFIN]) VALUES (507, 16, 1, 146, CAST(N'2018-06-10' AS Date), CAST(N'2018-01-26' AS Date))
GO
INSERT [dbo].[LOCATIONS] ([ID], [CLIENTID], [VEHICULEID], [NBKM], [DATEDEBUT], [DATEFIN]) VALUES (508, 35, 2, 69, CAST(N'2018-03-14' AS Date), CAST(N'2018-03-27' AS Date))
GO
INSERT [dbo].[LOCATIONS] ([ID], [CLIENTID], [VEHICULEID], [NBKM], [DATEDEBUT], [DATEFIN]) VALUES (509, 36, 6, 150, CAST(N'2017-11-06' AS Date), CAST(N'2018-08-06' AS Date))
GO
INSERT [dbo].[LOCATIONS] ([ID], [CLIENTID], [VEHICULEID], [NBKM], [DATEDEBUT], [DATEFIN]) VALUES (512, 39, 23, 114, CAST(N'2018-07-31' AS Date), CAST(N'2018-08-02' AS Date))
GO
INSERT [dbo].[LOCATIONS] ([ID], [CLIENTID], [VEHICULEID], [NBKM], [DATEDEBUT], [DATEFIN]) VALUES (514, 9, 28, 188, CAST(N'2018-03-05' AS Date), CAST(N'2018-02-04' AS Date))
GO
INSERT [dbo].[LOCATIONS] ([ID], [CLIENTID], [VEHICULEID], [NBKM], [DATEDEBUT], [DATEFIN]) VALUES (515, 21, 14, 259, CAST(N'2018-04-11' AS Date), CAST(N'2018-03-09' AS Date))
GO
INSERT [dbo].[LOCATIONS] ([ID], [CLIENTID], [VEHICULEID], [NBKM], [DATEDEBUT], [DATEFIN]) VALUES (516, 47, 15, 94, CAST(N'2017-12-10' AS Date), CAST(N'2018-07-16' AS Date))
GO
INSERT [dbo].[LOCATIONS] ([ID], [CLIENTID], [VEHICULEID], [NBKM], [DATEDEBUT], [DATEFIN]) VALUES (517, 8, 6, 122, CAST(N'2018-02-19' AS Date), CAST(N'2018-01-29' AS Date))
GO
INSERT [dbo].[LOCATIONS] ([ID], [CLIENTID], [VEHICULEID], [NBKM], [DATEDEBUT], [DATEFIN]) VALUES (518, 44, 27, 259, CAST(N'2017-11-10' AS Date), CAST(N'2018-06-30' AS Date))
GO
INSERT [dbo].[LOCATIONS] ([ID], [CLIENTID], [VEHICULEID], [NBKM], [DATEDEBUT], [DATEFIN]) VALUES (519, 25, 10, 116, CAST(N'2018-02-27' AS Date), CAST(N'2018-06-21' AS Date))
GO
INSERT [dbo].[LOCATIONS] ([ID], [CLIENTID], [VEHICULEID], [NBKM], [DATEDEBUT], [DATEFIN]) VALUES (520, 17, 26, 197, CAST(N'2018-03-20' AS Date), CAST(N'2018-06-04' AS Date))
GO
INSERT [dbo].[LOCATIONS] ([ID], [CLIENTID], [VEHICULEID], [NBKM], [DATEDEBUT], [DATEFIN]) VALUES (521, 34, 28, 119, CAST(N'2018-03-30' AS Date), CAST(N'2018-02-15' AS Date))
GO
INSERT [dbo].[LOCATIONS] ([ID], [CLIENTID], [VEHICULEID], [NBKM], [DATEDEBUT], [DATEFIN]) VALUES (522, 14, 2, 71, CAST(N'2017-12-24' AS Date), CAST(N'2017-12-22' AS Date))
GO
INSERT [dbo].[LOCATIONS] ([ID], [CLIENTID], [VEHICULEID], [NBKM], [DATEDEBUT], [DATEFIN]) VALUES (523, 20, 8, 254, CAST(N'2018-06-15' AS Date), CAST(N'2018-05-15' AS Date))
GO
INSERT [dbo].[LOCATIONS] ([ID], [CLIENTID], [VEHICULEID], [NBKM], [DATEDEBUT], [DATEFIN]) VALUES (524, 48, 8, 274, CAST(N'2018-03-13' AS Date), CAST(N'2018-05-21' AS Date))
GO
INSERT [dbo].[LOCATIONS] ([ID], [CLIENTID], [VEHICULEID], [NBKM], [DATEDEBUT], [DATEFIN]) VALUES (525, 33, 12, 117, CAST(N'2018-06-27' AS Date), CAST(N'2018-04-10' AS Date))
GO
INSERT [dbo].[LOCATIONS] ([ID], [CLIENTID], [VEHICULEID], [NBKM], [DATEDEBUT], [DATEFIN]) VALUES (527, 34, 14, 170, CAST(N'2018-04-30' AS Date), CAST(N'2018-04-30' AS Date))
GO
INSERT [dbo].[LOCATIONS] ([ID], [CLIENTID], [VEHICULEID], [NBKM], [DATEDEBUT], [DATEFIN]) VALUES (528, 36, 1, 171, CAST(N'2018-04-06' AS Date), CAST(N'2018-05-29' AS Date))
GO
INSERT [dbo].[LOCATIONS] ([ID], [CLIENTID], [VEHICULEID], [NBKM], [DATEDEBUT], [DATEFIN]) VALUES (529, 20, 19, 204, CAST(N'2018-05-02' AS Date), CAST(N'2018-07-01' AS Date))
GO
INSERT [dbo].[LOCATIONS] ([ID], [CLIENTID], [VEHICULEID], [NBKM], [DATEDEBUT], [DATEFIN]) VALUES (531, 41, 23, 128, CAST(N'2018-01-31' AS Date), CAST(N'2017-12-30' AS Date))
GO
INSERT [dbo].[LOCATIONS] ([ID], [CLIENTID], [VEHICULEID], [NBKM], [DATEDEBUT], [DATEFIN]) VALUES (532, 27, 21, 204, CAST(N'2018-04-06' AS Date), CAST(N'2018-08-13' AS Date))
GO
INSERT [dbo].[LOCATIONS] ([ID], [CLIENTID], [VEHICULEID], [NBKM], [DATEDEBUT], [DATEFIN]) VALUES (533, 31, 29, 217, CAST(N'2018-07-07' AS Date), CAST(N'2018-06-17' AS Date))
GO
INSERT [dbo].[LOCATIONS] ([ID], [CLIENTID], [VEHICULEID], [NBKM], [DATEDEBUT], [DATEFIN]) VALUES (534, 31, 6, 208, CAST(N'2018-07-30' AS Date), CAST(N'2018-08-06' AS Date))
GO
INSERT [dbo].[LOCATIONS] ([ID], [CLIENTID], [VEHICULEID], [NBKM], [DATEDEBUT], [DATEFIN]) VALUES (535, 17, 12, 280, CAST(N'2017-11-07' AS Date), CAST(N'2018-04-30' AS Date))
GO
INSERT [dbo].[LOCATIONS] ([ID], [CLIENTID], [VEHICULEID], [NBKM], [DATEDEBUT], [DATEFIN]) VALUES (536, 16, 15, 270, CAST(N'2018-04-17' AS Date), CAST(N'2018-01-27' AS Date))
GO
INSERT [dbo].[LOCATIONS] ([ID], [CLIENTID], [VEHICULEID], [NBKM], [DATEDEBUT], [DATEFIN]) VALUES (537, 33, 22, 163, CAST(N'2018-05-21' AS Date), CAST(N'2018-07-14' AS Date))
GO
INSERT [dbo].[LOCATIONS] ([ID], [CLIENTID], [VEHICULEID], [NBKM], [DATEDEBUT], [DATEFIN]) VALUES (538, 10, 18, 277, CAST(N'2017-12-26' AS Date), CAST(N'2018-05-03' AS Date))
GO
INSERT [dbo].[LOCATIONS] ([ID], [CLIENTID], [VEHICULEID], [NBKM], [DATEDEBUT], [DATEFIN]) VALUES (539, 44, 20, 117, CAST(N'2018-06-08' AS Date), CAST(N'2018-08-06' AS Date))
GO
INSERT [dbo].[LOCATIONS] ([ID], [CLIENTID], [VEHICULEID], [NBKM], [DATEDEBUT], [DATEFIN]) VALUES (540, 11, 14, 229, CAST(N'2018-02-19' AS Date), CAST(N'2018-02-03' AS Date))
GO
INSERT [dbo].[LOCATIONS] ([ID], [CLIENTID], [VEHICULEID], [NBKM], [DATEDEBUT], [DATEFIN]) VALUES (541, 30, 26, 238, CAST(N'2018-05-09' AS Date), CAST(N'2018-05-17' AS Date))
GO
INSERT [dbo].[LOCATIONS] ([ID], [CLIENTID], [VEHICULEID], [NBKM], [DATEDEBUT], [DATEFIN]) VALUES (542, 15, 17, 210, CAST(N'2017-12-02' AS Date), CAST(N'2017-12-24' AS Date))
GO
INSERT [dbo].[LOCATIONS] ([ID], [CLIENTID], [VEHICULEID], [NBKM], [DATEDEBUT], [DATEFIN]) VALUES (543, 39, 23, 272, CAST(N'2018-01-05' AS Date), CAST(N'2018-08-18' AS Date))
GO
INSERT [dbo].[LOCATIONS] ([ID], [CLIENTID], [VEHICULEID], [NBKM], [DATEDEBUT], [DATEFIN]) VALUES (544, 5, 26, 168, CAST(N'2017-11-24' AS Date), CAST(N'2018-04-18' AS Date))
GO
INSERT [dbo].[LOCATIONS] ([ID], [CLIENTID], [VEHICULEID], [NBKM], [DATEDEBUT], [DATEFIN]) VALUES (546, 8, 25, 138, CAST(N'2018-05-27' AS Date), CAST(N'2018-05-03' AS Date))
GO
INSERT [dbo].[LOCATIONS] ([ID], [CLIENTID], [VEHICULEID], [NBKM], [DATEDEBUT], [DATEFIN]) VALUES (548, 25, 22, 103, CAST(N'2018-07-18' AS Date), CAST(N'2018-07-21' AS Date))
GO
INSERT [dbo].[LOCATIONS] ([ID], [CLIENTID], [VEHICULEID], [NBKM], [DATEDEBUT], [DATEFIN]) VALUES (549, 9, 6, 264, CAST(N'2018-07-21' AS Date), CAST(N'2017-12-02' AS Date))
GO
INSERT [dbo].[LOCATIONS] ([ID], [CLIENTID], [VEHICULEID], [NBKM], [DATEDEBUT], [DATEFIN]) VALUES (550, 28, 10, 148, CAST(N'2017-11-20' AS Date), CAST(N'2018-03-09' AS Date))
GO
INSERT [dbo].[LOCATIONS] ([ID], [CLIENTID], [VEHICULEID], [NBKM], [DATEDEBUT], [DATEFIN]) VALUES (551, 49, 30, 51, CAST(N'2018-07-14' AS Date), CAST(N'2018-01-16' AS Date))
GO
INSERT [dbo].[LOCATIONS] ([ID], [CLIENTID], [VEHICULEID], [NBKM], [DATEDEBUT], [DATEFIN]) VALUES (552, 29, 20, 208, CAST(N'2018-07-17' AS Date), CAST(N'2017-12-07' AS Date))
GO
INSERT [dbo].[LOCATIONS] ([ID], [CLIENTID], [VEHICULEID], [NBKM], [DATEDEBUT], [DATEFIN]) VALUES (553, 44, 8, 140, CAST(N'2018-04-13' AS Date), CAST(N'2018-03-12' AS Date))
GO
INSERT [dbo].[LOCATIONS] ([ID], [CLIENTID], [VEHICULEID], [NBKM], [DATEDEBUT], [DATEFIN]) VALUES (554, 18, 16, 260, CAST(N'2018-03-14' AS Date), CAST(N'2018-08-10' AS Date))
GO
INSERT [dbo].[LOCATIONS] ([ID], [CLIENTID], [VEHICULEID], [NBKM], [DATEDEBUT], [DATEFIN]) VALUES (555, 4, 5, 202, CAST(N'2018-02-15' AS Date), CAST(N'2018-02-12' AS Date))
GO
INSERT [dbo].[LOCATIONS] ([ID], [CLIENTID], [VEHICULEID], [NBKM], [DATEDEBUT], [DATEFIN]) VALUES (556, 29, 11, 125, CAST(N'2018-06-12' AS Date), CAST(N'2018-05-16' AS Date))
GO
INSERT [dbo].[LOCATIONS] ([ID], [CLIENTID], [VEHICULEID], [NBKM], [DATEDEBUT], [DATEFIN]) VALUES (557, 34, 10, 126, CAST(N'2018-03-25' AS Date), CAST(N'2018-03-26' AS Date))
GO
INSERT [dbo].[LOCATIONS] ([ID], [CLIENTID], [VEHICULEID], [NBKM], [DATEDEBUT], [DATEFIN]) VALUES (558, 5, 10, 156, CAST(N'2017-11-30' AS Date), CAST(N'2018-05-16' AS Date))
GO
INSERT [dbo].[LOCATIONS] ([ID], [CLIENTID], [VEHICULEID], [NBKM], [DATEDEBUT], [DATEFIN]) VALUES (560, 13, 19, 101, CAST(N'2018-01-14' AS Date), CAST(N'2018-04-30' AS Date))
GO
INSERT [dbo].[LOCATIONS] ([ID], [CLIENTID], [VEHICULEID], [NBKM], [DATEDEBUT], [DATEFIN]) VALUES (561, 10, 2, 267, CAST(N'2017-11-12' AS Date), CAST(N'2018-07-03' AS Date))
GO
INSERT [dbo].[LOCATIONS] ([ID], [CLIENTID], [VEHICULEID], [NBKM], [DATEDEBUT], [DATEFIN]) VALUES (562, 47, 2, 92, CAST(N'2017-12-28' AS Date), CAST(N'2018-04-09' AS Date))
GO
INSERT [dbo].[LOCATIONS] ([ID], [CLIENTID], [VEHICULEID], [NBKM], [DATEDEBUT], [DATEFIN]) VALUES (563, 16, 22, 184, CAST(N'2018-06-15' AS Date), CAST(N'2018-03-05' AS Date))
GO
INSERT [dbo].[LOCATIONS] ([ID], [CLIENTID], [VEHICULEID], [NBKM], [DATEDEBUT], [DATEFIN]) VALUES (564, 23, 24, 278, CAST(N'2018-04-18' AS Date), CAST(N'2018-05-15' AS Date))
GO
INSERT [dbo].[LOCATIONS] ([ID], [CLIENTID], [VEHICULEID], [NBKM], [DATEDEBUT], [DATEFIN]) VALUES (565, 27, 26, 88, CAST(N'2017-11-02' AS Date), CAST(N'2018-04-05' AS Date))
GO
INSERT [dbo].[LOCATIONS] ([ID], [CLIENTID], [VEHICULEID], [NBKM], [DATEDEBUT], [DATEFIN]) VALUES (566, 22, 8, 244, CAST(N'2018-03-11' AS Date), CAST(N'2018-01-18' AS Date))
GO
INSERT [dbo].[LOCATIONS] ([ID], [CLIENTID], [VEHICULEID], [NBKM], [DATEDEBUT], [DATEFIN]) VALUES (567, 11, 15, 75, CAST(N'2018-04-19' AS Date), CAST(N'2018-06-16' AS Date))
GO
INSERT [dbo].[LOCATIONS] ([ID], [CLIENTID], [VEHICULEID], [NBKM], [DATEDEBUT], [DATEFIN]) VALUES (568, 36, 8, 147, CAST(N'2018-03-14' AS Date), CAST(N'2018-02-09' AS Date))
GO
INSERT [dbo].[LOCATIONS] ([ID], [CLIENTID], [VEHICULEID], [NBKM], [DATEDEBUT], [DATEFIN]) VALUES (569, 19, 22, 102, CAST(N'2018-04-10' AS Date), CAST(N'2018-02-17' AS Date))
GO
INSERT [dbo].[LOCATIONS] ([ID], [CLIENTID], [VEHICULEID], [NBKM], [DATEDEBUT], [DATEFIN]) VALUES (570, 49, 21, 283, CAST(N'2017-12-08' AS Date), CAST(N'2018-03-22' AS Date))
GO
INSERT [dbo].[LOCATIONS] ([ID], [CLIENTID], [VEHICULEID], [NBKM], [DATEDEBUT], [DATEFIN]) VALUES (571, 36, 30, 128, CAST(N'2018-03-10' AS Date), CAST(N'2018-06-07' AS Date))
GO
INSERT [dbo].[LOCATIONS] ([ID], [CLIENTID], [VEHICULEID], [NBKM], [DATEDEBUT], [DATEFIN]) VALUES (572, 40, 20, 152, CAST(N'2017-11-05' AS Date), CAST(N'2018-07-07' AS Date))
GO
INSERT [dbo].[LOCATIONS] ([ID], [CLIENTID], [VEHICULEID], [NBKM], [DATEDEBUT], [DATEFIN]) VALUES (573, 28, 11, 242, CAST(N'2018-07-29' AS Date), CAST(N'2018-07-22' AS Date))
GO
INSERT [dbo].[LOCATIONS] ([ID], [CLIENTID], [VEHICULEID], [NBKM], [DATEDEBUT], [DATEFIN]) VALUES (574, 2, 9, 180, CAST(N'2017-12-09' AS Date), CAST(N'2018-05-21' AS Date))
GO
INSERT [dbo].[LOCATIONS] ([ID], [CLIENTID], [VEHICULEID], [NBKM], [DATEDEBUT], [DATEFIN]) VALUES (575, 41, 30, 173, CAST(N'2018-07-29' AS Date), CAST(N'2018-08-16' AS Date))
GO
INSERT [dbo].[LOCATIONS] ([ID], [CLIENTID], [VEHICULEID], [NBKM], [DATEDEBUT], [DATEFIN]) VALUES (576, 40, 29, 85, CAST(N'2018-06-16' AS Date), CAST(N'2018-02-24' AS Date))
GO
INSERT [dbo].[LOCATIONS] ([ID], [CLIENTID], [VEHICULEID], [NBKM], [DATEDEBUT], [DATEFIN]) VALUES (577, 19, 26, 171, CAST(N'2018-04-11' AS Date), CAST(N'2017-12-21' AS Date))
GO
INSERT [dbo].[LOCATIONS] ([ID], [CLIENTID], [VEHICULEID], [NBKM], [DATEDEBUT], [DATEFIN]) VALUES (579, 7, 15, 212, CAST(N'2018-05-20' AS Date), CAST(N'2018-03-15' AS Date))
GO
INSERT [dbo].[LOCATIONS] ([ID], [CLIENTID], [VEHICULEID], [NBKM], [DATEDEBUT], [DATEFIN]) VALUES (580, 30, 15, 232, CAST(N'2018-07-20' AS Date), CAST(N'2018-05-30' AS Date))
GO
INSERT [dbo].[LOCATIONS] ([ID], [CLIENTID], [VEHICULEID], [NBKM], [DATEDEBUT], [DATEFIN]) VALUES (581, 32, 14, 59, CAST(N'2018-03-28' AS Date), CAST(N'2018-04-19' AS Date))
GO
INSERT [dbo].[LOCATIONS] ([ID], [CLIENTID], [VEHICULEID], [NBKM], [DATEDEBUT], [DATEFIN]) VALUES (582, 3, 5, 268, CAST(N'2018-01-17' AS Date), CAST(N'2017-12-15' AS Date))
GO
INSERT [dbo].[LOCATIONS] ([ID], [CLIENTID], [VEHICULEID], [NBKM], [DATEDEBUT], [DATEFIN]) VALUES (583, 21, 27, 73, CAST(N'2018-02-16' AS Date), CAST(N'2018-03-07' AS Date))
GO
INSERT [dbo].[LOCATIONS] ([ID], [CLIENTID], [VEHICULEID], [NBKM], [DATEDEBUT], [DATEFIN]) VALUES (584, 23, 28, 115, CAST(N'2018-02-09' AS Date), CAST(N'2018-05-14' AS Date))
GO
INSERT [dbo].[LOCATIONS] ([ID], [CLIENTID], [VEHICULEID], [NBKM], [DATEDEBUT], [DATEFIN]) VALUES (585, 40, 5, 81, CAST(N'2018-01-16' AS Date), CAST(N'2018-07-04' AS Date))
GO
INSERT [dbo].[LOCATIONS] ([ID], [CLIENTID], [VEHICULEID], [NBKM], [DATEDEBUT], [DATEFIN]) VALUES (586, 30, 19, 92, CAST(N'2018-02-28' AS Date), CAST(N'2018-05-30' AS Date))
GO
INSERT [dbo].[LOCATIONS] ([ID], [CLIENTID], [VEHICULEID], [NBKM], [DATEDEBUT], [DATEFIN]) VALUES (587, 32, 5, 91, CAST(N'2017-12-25' AS Date), CAST(N'2018-04-30' AS Date))
GO
INSERT [dbo].[LOCATIONS] ([ID], [CLIENTID], [VEHICULEID], [NBKM], [DATEDEBUT], [DATEFIN]) VALUES (588, 16, 8, 209, CAST(N'2018-04-13' AS Date), CAST(N'2018-07-26' AS Date))
GO
INSERT [dbo].[LOCATIONS] ([ID], [CLIENTID], [VEHICULEID], [NBKM], [DATEDEBUT], [DATEFIN]) VALUES (589, 46, 5, 295, CAST(N'2018-01-10' AS Date), CAST(N'2018-04-02' AS Date))
GO
INSERT [dbo].[LOCATIONS] ([ID], [CLIENTID], [VEHICULEID], [NBKM], [DATEDEBUT], [DATEFIN]) VALUES (590, 11, 12, 230, CAST(N'2018-03-28' AS Date), CAST(N'2018-04-26' AS Date))
GO
INSERT [dbo].[LOCATIONS] ([ID], [CLIENTID], [VEHICULEID], [NBKM], [DATEDEBUT], [DATEFIN]) VALUES (591, 13, 19, 81, CAST(N'2018-04-01' AS Date), CAST(N'2018-02-28' AS Date))
GO
INSERT [dbo].[LOCATIONS] ([ID], [CLIENTID], [VEHICULEID], [NBKM], [DATEDEBUT], [DATEFIN]) VALUES (592, 10, 25, 100, CAST(N'2018-01-24' AS Date), CAST(N'2018-06-21' AS Date))
GO
INSERT [dbo].[LOCATIONS] ([ID], [CLIENTID], [VEHICULEID], [NBKM], [DATEDEBUT], [DATEFIN]) VALUES (593, 2, 17, 155, CAST(N'2017-12-31' AS Date), CAST(N'2018-01-12' AS Date))
GO
INSERT [dbo].[LOCATIONS] ([ID], [CLIENTID], [VEHICULEID], [NBKM], [DATEDEBUT], [DATEFIN]) VALUES (594, 3, 2, 282, CAST(N'2017-12-02' AS Date), CAST(N'2018-05-07' AS Date))
GO
INSERT [dbo].[LOCATIONS] ([ID], [CLIENTID], [VEHICULEID], [NBKM], [DATEDEBUT], [DATEFIN]) VALUES (595, 38, 26, 116, CAST(N'2018-07-04' AS Date), CAST(N'2018-05-08' AS Date))
GO
INSERT [dbo].[LOCATIONS] ([ID], [CLIENTID], [VEHICULEID], [NBKM], [DATEDEBUT], [DATEFIN]) VALUES (596, 30, 9, 103, CAST(N'2018-05-28' AS Date), CAST(N'2017-12-27' AS Date))
GO
INSERT [dbo].[LOCATIONS] ([ID], [CLIENTID], [VEHICULEID], [NBKM], [DATEDEBUT], [DATEFIN]) VALUES (597, 1, 2, 193, CAST(N'2018-02-10' AS Date), CAST(N'2018-07-15' AS Date))
GO
INSERT [dbo].[LOCATIONS] ([ID], [CLIENTID], [VEHICULEID], [NBKM], [DATEDEBUT], [DATEFIN]) VALUES (598, 41, 26, 92, CAST(N'2017-12-07' AS Date), CAST(N'2018-03-25' AS Date))
GO
INSERT [dbo].[LOCATIONS] ([ID], [CLIENTID], [VEHICULEID], [NBKM], [DATEDEBUT], [DATEFIN]) VALUES (599, 19, 9, 96, CAST(N'2018-05-14' AS Date), CAST(N'2018-08-09' AS Date))
GO
INSERT [dbo].[LOCATIONS] ([ID], [CLIENTID], [VEHICULEID], [NBKM], [DATEDEBUT], [DATEFIN]) VALUES (601, 34, 6, 190, CAST(N'2018-02-21' AS Date), CAST(N'2018-02-18' AS Date))
GO
INSERT [dbo].[LOCATIONS] ([ID], [CLIENTID], [VEHICULEID], [NBKM], [DATEDEBUT], [DATEFIN]) VALUES (602, 28, 10, 181, CAST(N'2018-07-02' AS Date), CAST(N'2018-04-06' AS Date))
GO
INSERT [dbo].[LOCATIONS] ([ID], [CLIENTID], [VEHICULEID], [NBKM], [DATEDEBUT], [DATEFIN]) VALUES (603, 36, 19, 178, CAST(N'2018-02-24' AS Date), CAST(N'2018-01-03' AS Date))
GO
INSERT [dbo].[LOCATIONS] ([ID], [CLIENTID], [VEHICULEID], [NBKM], [DATEDEBUT], [DATEFIN]) VALUES (604, 21, 10, 236, CAST(N'2018-01-17' AS Date), CAST(N'2018-02-09' AS Date))
GO
INSERT [dbo].[LOCATIONS] ([ID], [CLIENTID], [VEHICULEID], [NBKM], [DATEDEBUT], [DATEFIN]) VALUES (605, 16, 18, 239, CAST(N'2018-05-03' AS Date), CAST(N'2017-12-24' AS Date))
GO
INSERT [dbo].[LOCATIONS] ([ID], [CLIENTID], [VEHICULEID], [NBKM], [DATEDEBUT], [DATEFIN]) VALUES (606, 4, 11, 96, CAST(N'2018-03-14' AS Date), CAST(N'2018-03-25' AS Date))
GO
INSERT [dbo].[LOCATIONS] ([ID], [CLIENTID], [VEHICULEID], [NBKM], [DATEDEBUT], [DATEFIN]) VALUES (607, 9, 24, 152, CAST(N'2018-07-20' AS Date), CAST(N'2018-01-09' AS Date))
GO
INSERT [dbo].[LOCATIONS] ([ID], [CLIENTID], [VEHICULEID], [NBKM], [DATEDEBUT], [DATEFIN]) VALUES (608, 43, 19, 160, CAST(N'2018-04-23' AS Date), CAST(N'2017-12-31' AS Date))
GO
INSERT [dbo].[LOCATIONS] ([ID], [CLIENTID], [VEHICULEID], [NBKM], [DATEDEBUT], [DATEFIN]) VALUES (609, 34, 22, 145, CAST(N'2018-03-14' AS Date), CAST(N'2018-01-11' AS Date))
GO
INSERT [dbo].[LOCATIONS] ([ID], [CLIENTID], [VEHICULEID], [NBKM], [DATEDEBUT], [DATEFIN]) VALUES (610, 5, 9, 223, CAST(N'2018-04-28' AS Date), CAST(N'2018-04-09' AS Date))
GO
INSERT [dbo].[LOCATIONS] ([ID], [CLIENTID], [VEHICULEID], [NBKM], [DATEDEBUT], [DATEFIN]) VALUES (611, 31, 10, 205, CAST(N'2018-07-02' AS Date), CAST(N'2018-04-21' AS Date))
GO
INSERT [dbo].[LOCATIONS] ([ID], [CLIENTID], [VEHICULEID], [NBKM], [DATEDEBUT], [DATEFIN]) VALUES (612, 29, 5, 214, CAST(N'2017-12-21' AS Date), CAST(N'2018-03-02' AS Date))
GO
INSERT [dbo].[LOCATIONS] ([ID], [CLIENTID], [VEHICULEID], [NBKM], [DATEDEBUT], [DATEFIN]) VALUES (613, 17, 14, 166, CAST(N'2018-05-11' AS Date), CAST(N'2017-12-28' AS Date))
GO
INSERT [dbo].[LOCATIONS] ([ID], [CLIENTID], [VEHICULEID], [NBKM], [DATEDEBUT], [DATEFIN]) VALUES (614, 30, 28, 235, CAST(N'2018-03-27' AS Date), CAST(N'2017-12-20' AS Date))
GO
INSERT [dbo].[LOCATIONS] ([ID], [CLIENTID], [VEHICULEID], [NBKM], [DATEDEBUT], [DATEFIN]) VALUES (615, 47, 8, 63, CAST(N'2018-05-17' AS Date), CAST(N'2018-03-16' AS Date))
GO
INSERT [dbo].[LOCATIONS] ([ID], [CLIENTID], [VEHICULEID], [NBKM], [DATEDEBUT], [DATEFIN]) VALUES (616, 6, 3, 145, CAST(N'2017-11-27' AS Date), CAST(N'2018-08-14' AS Date))
GO
INSERT [dbo].[LOCATIONS] ([ID], [CLIENTID], [VEHICULEID], [NBKM], [DATEDEBUT], [DATEFIN]) VALUES (617, 3, 21, 179, CAST(N'2018-05-04' AS Date), CAST(N'2018-01-25' AS Date))
GO
INSERT [dbo].[LOCATIONS] ([ID], [CLIENTID], [VEHICULEID], [NBKM], [DATEDEBUT], [DATEFIN]) VALUES (618, 37, 28, 96, CAST(N'2018-01-06' AS Date), CAST(N'2018-06-06' AS Date))
GO
INSERT [dbo].[LOCATIONS] ([ID], [CLIENTID], [VEHICULEID], [NBKM], [DATEDEBUT], [DATEFIN]) VALUES (619, 46, 29, 77, CAST(N'2018-02-16' AS Date), CAST(N'2018-04-24' AS Date))
GO
INSERT [dbo].[LOCATIONS] ([ID], [CLIENTID], [VEHICULEID], [NBKM], [DATEDEBUT], [DATEFIN]) VALUES (620, 10, 14, 63, CAST(N'2018-03-07' AS Date), CAST(N'2018-04-02' AS Date))
GO
INSERT [dbo].[LOCATIONS] ([ID], [CLIENTID], [VEHICULEID], [NBKM], [DATEDEBUT], [DATEFIN]) VALUES (621, 29, 15, 281, CAST(N'2018-04-06' AS Date), CAST(N'2018-03-05' AS Date))
GO
INSERT [dbo].[LOCATIONS] ([ID], [CLIENTID], [VEHICULEID], [NBKM], [DATEDEBUT], [DATEFIN]) VALUES (622, 2, 18, 179, CAST(N'2018-01-19' AS Date), CAST(N'2018-02-28' AS Date))
GO
INSERT [dbo].[LOCATIONS] ([ID], [CLIENTID], [VEHICULEID], [NBKM], [DATEDEBUT], [DATEFIN]) VALUES (624, 9, 6, 77, CAST(N'2017-12-28' AS Date), CAST(N'2018-04-14' AS Date))
GO
INSERT [dbo].[LOCATIONS] ([ID], [CLIENTID], [VEHICULEID], [NBKM], [DATEDEBUT], [DATEFIN]) VALUES (625, 5, 10, 179, CAST(N'2018-07-19' AS Date), CAST(N'2018-05-19' AS Date))
GO
INSERT [dbo].[LOCATIONS] ([ID], [CLIENTID], [VEHICULEID], [NBKM], [DATEDEBUT], [DATEFIN]) VALUES (627, 38, 30, 264, CAST(N'2017-11-04' AS Date), CAST(N'2018-02-21' AS Date))
GO
INSERT [dbo].[LOCATIONS] ([ID], [CLIENTID], [VEHICULEID], [NBKM], [DATEDEBUT], [DATEFIN]) VALUES (628, 34, 27, 64, CAST(N'2018-07-04' AS Date), CAST(N'2018-04-03' AS Date))
GO
INSERT [dbo].[LOCATIONS] ([ID], [CLIENTID], [VEHICULEID], [NBKM], [DATEDEBUT], [DATEFIN]) VALUES (629, 35, 12, 202, CAST(N'2018-05-01' AS Date), CAST(N'2018-01-13' AS Date))
GO
INSERT [dbo].[LOCATIONS] ([ID], [CLIENTID], [VEHICULEID], [NBKM], [DATEDEBUT], [DATEFIN]) VALUES (631, 22, 17, 212, CAST(N'2018-05-03' AS Date), CAST(N'2018-03-11' AS Date))
GO
INSERT [dbo].[LOCATIONS] ([ID], [CLIENTID], [VEHICULEID], [NBKM], [DATEDEBUT], [DATEFIN]) VALUES (632, 41, 18, 227, CAST(N'2018-04-13' AS Date), CAST(N'2018-02-28' AS Date))
GO
INSERT [dbo].[LOCATIONS] ([ID], [CLIENTID], [VEHICULEID], [NBKM], [DATEDEBUT], [DATEFIN]) VALUES (633, 1, 9, 144, CAST(N'2018-07-31' AS Date), CAST(N'2018-01-05' AS Date))
GO
INSERT [dbo].[LOCATIONS] ([ID], [CLIENTID], [VEHICULEID], [NBKM], [DATEDEBUT], [DATEFIN]) VALUES (634, 12, 27, 266, CAST(N'2018-07-24' AS Date), CAST(N'2018-05-12' AS Date))
GO
INSERT [dbo].[LOCATIONS] ([ID], [CLIENTID], [VEHICULEID], [NBKM], [DATEDEBUT], [DATEFIN]) VALUES (637, 42, 12, 85, CAST(N'2018-06-14' AS Date), CAST(N'2017-12-01' AS Date))
GO
INSERT [dbo].[LOCATIONS] ([ID], [CLIENTID], [VEHICULEID], [NBKM], [DATEDEBUT], [DATEFIN]) VALUES (638, 42, 24, 263, CAST(N'2017-11-14' AS Date), CAST(N'2018-07-02' AS Date))
GO
INSERT [dbo].[LOCATIONS] ([ID], [CLIENTID], [VEHICULEID], [NBKM], [DATEDEBUT], [DATEFIN]) VALUES (640, 1, 1, 186, CAST(N'2018-04-05' AS Date), CAST(N'2017-12-30' AS Date))
GO
INSERT [dbo].[LOCATIONS] ([ID], [CLIENTID], [VEHICULEID], [NBKM], [DATEDEBUT], [DATEFIN]) VALUES (641, 1, 21, 57, CAST(N'2018-07-03' AS Date), CAST(N'2018-01-07' AS Date))
GO
INSERT [dbo].[LOCATIONS] ([ID], [CLIENTID], [VEHICULEID], [NBKM], [DATEDEBUT], [DATEFIN]) VALUES (642, 22, 29, 249, CAST(N'2018-05-24' AS Date), CAST(N'2017-12-30' AS Date))
GO
INSERT [dbo].[LOCATIONS] ([ID], [CLIENTID], [VEHICULEID], [NBKM], [DATEDEBUT], [DATEFIN]) VALUES (643, 21, 8, 236, CAST(N'2018-01-13' AS Date), CAST(N'2018-05-27' AS Date))
GO
INSERT [dbo].[LOCATIONS] ([ID], [CLIENTID], [VEHICULEID], [NBKM], [DATEDEBUT], [DATEFIN]) VALUES (644, 15, 14, 151, CAST(N'2017-12-12' AS Date), CAST(N'2018-06-16' AS Date))
GO
INSERT [dbo].[LOCATIONS] ([ID], [CLIENTID], [VEHICULEID], [NBKM], [DATEDEBUT], [DATEFIN]) VALUES (645, 22, 23, 91, CAST(N'2018-02-09' AS Date), CAST(N'2018-04-09' AS Date))
GO
INSERT [dbo].[LOCATIONS] ([ID], [CLIENTID], [VEHICULEID], [NBKM], [DATEDEBUT], [DATEFIN]) VALUES (646, 21, 1, 91, CAST(N'2018-06-04' AS Date), CAST(N'2018-02-20' AS Date))
GO
INSERT [dbo].[LOCATIONS] ([ID], [CLIENTID], [VEHICULEID], [NBKM], [DATEDEBUT], [DATEFIN]) VALUES (647, 32, 29, 131, CAST(N'2018-04-26' AS Date), CAST(N'2018-04-14' AS Date))
GO
INSERT [dbo].[LOCATIONS] ([ID], [CLIENTID], [VEHICULEID], [NBKM], [DATEDEBUT], [DATEFIN]) VALUES (649, 30, 9, 66, CAST(N'2018-05-06' AS Date), CAST(N'2017-12-09' AS Date))
GO
INSERT [dbo].[LOCATIONS] ([ID], [CLIENTID], [VEHICULEID], [NBKM], [DATEDEBUT], [DATEFIN]) VALUES (650, 17, 26, 114, CAST(N'2018-04-27' AS Date), CAST(N'2018-01-06' AS Date))
GO
INSERT [dbo].[LOCATIONS] ([ID], [CLIENTID], [VEHICULEID], [NBKM], [DATEDEBUT], [DATEFIN]) VALUES (651, 29, 5, 106, CAST(N'2018-07-25' AS Date), CAST(N'2018-04-22' AS Date))
GO
INSERT [dbo].[LOCATIONS] ([ID], [CLIENTID], [VEHICULEID], [NBKM], [DATEDEBUT], [DATEFIN]) VALUES (653, 49, 3, 227, CAST(N'2018-06-05' AS Date), CAST(N'2018-07-16' AS Date))
GO
INSERT [dbo].[LOCATIONS] ([ID], [CLIENTID], [VEHICULEID], [NBKM], [DATEDEBUT], [DATEFIN]) VALUES (654, 13, 20, 292, CAST(N'2018-01-31' AS Date), CAST(N'2017-12-30' AS Date))
GO
INSERT [dbo].[LOCATIONS] ([ID], [CLIENTID], [VEHICULEID], [NBKM], [DATEDEBUT], [DATEFIN]) VALUES (655, 7, 12, 99, CAST(N'2017-12-23' AS Date), CAST(N'2018-02-10' AS Date))
GO
INSERT [dbo].[LOCATIONS] ([ID], [CLIENTID], [VEHICULEID], [NBKM], [DATEDEBUT], [DATEFIN]) VALUES (656, 13, 2, 280, CAST(N'2018-05-02' AS Date), CAST(N'2018-08-11' AS Date))
GO
INSERT [dbo].[LOCATIONS] ([ID], [CLIENTID], [VEHICULEID], [NBKM], [DATEDEBUT], [DATEFIN]) VALUES (657, 2, 9, 151, CAST(N'2018-06-06' AS Date), CAST(N'2018-06-12' AS Date))
GO
INSERT [dbo].[LOCATIONS] ([ID], [CLIENTID], [VEHICULEID], [NBKM], [DATEDEBUT], [DATEFIN]) VALUES (658, 5, 22, 127, CAST(N'2018-04-19' AS Date), CAST(N'2018-06-28' AS Date))
GO
INSERT [dbo].[LOCATIONS] ([ID], [CLIENTID], [VEHICULEID], [NBKM], [DATEDEBUT], [DATEFIN]) VALUES (659, 39, 18, 162, CAST(N'2017-12-24' AS Date), CAST(N'2018-05-08' AS Date))
GO
INSERT [dbo].[LOCATIONS] ([ID], [CLIENTID], [VEHICULEID], [NBKM], [DATEDEBUT], [DATEFIN]) VALUES (660, 47, 9, 211, CAST(N'2017-12-22' AS Date), CAST(N'2018-03-09' AS Date))
GO
INSERT [dbo].[LOCATIONS] ([ID], [CLIENTID], [VEHICULEID], [NBKM], [DATEDEBUT], [DATEFIN]) VALUES (661, 22, 18, 188, CAST(N'2018-02-23' AS Date), CAST(N'2017-12-05' AS Date))
GO
INSERT [dbo].[LOCATIONS] ([ID], [CLIENTID], [VEHICULEID], [NBKM], [DATEDEBUT], [DATEFIN]) VALUES (662, 35, 3, 73, CAST(N'2018-07-08' AS Date), CAST(N'2018-01-03' AS Date))
GO
INSERT [dbo].[LOCATIONS] ([ID], [CLIENTID], [VEHICULEID], [NBKM], [DATEDEBUT], [DATEFIN]) VALUES (663, 9, 25, 257, CAST(N'2018-06-22' AS Date), CAST(N'2018-02-22' AS Date))
GO
INSERT [dbo].[LOCATIONS] ([ID], [CLIENTID], [VEHICULEID], [NBKM], [DATEDEBUT], [DATEFIN]) VALUES (664, 47, 16, 74, CAST(N'2018-07-13' AS Date), CAST(N'2018-03-22' AS Date))
GO
INSERT [dbo].[LOCATIONS] ([ID], [CLIENTID], [VEHICULEID], [NBKM], [DATEDEBUT], [DATEFIN]) VALUES (666, 2, 3, 66, CAST(N'2018-07-29' AS Date), CAST(N'2018-01-10' AS Date))
GO
INSERT [dbo].[LOCATIONS] ([ID], [CLIENTID], [VEHICULEID], [NBKM], [DATEDEBUT], [DATEFIN]) VALUES (667, 10, 16, 87, CAST(N'2018-01-02' AS Date), CAST(N'2018-05-12' AS Date))
GO
INSERT [dbo].[LOCATIONS] ([ID], [CLIENTID], [VEHICULEID], [NBKM], [DATEDEBUT], [DATEFIN]) VALUES (669, 19, 21, 193, CAST(N'2018-07-22' AS Date), CAST(N'2017-12-18' AS Date))
GO
INSERT [dbo].[LOCATIONS] ([ID], [CLIENTID], [VEHICULEID], [NBKM], [DATEDEBUT], [DATEFIN]) VALUES (670, 25, 16, 235, CAST(N'2018-02-18' AS Date), CAST(N'2018-07-20' AS Date))
GO
INSERT [dbo].[LOCATIONS] ([ID], [CLIENTID], [VEHICULEID], [NBKM], [DATEDEBUT], [DATEFIN]) VALUES (671, 37, 27, 113, CAST(N'2018-03-22' AS Date), CAST(N'2018-07-11' AS Date))
GO
INSERT [dbo].[LOCATIONS] ([ID], [CLIENTID], [VEHICULEID], [NBKM], [DATEDEBUT], [DATEFIN]) VALUES (672, 26, 19, 237, CAST(N'2018-05-09' AS Date), CAST(N'2018-03-25' AS Date))
GO
INSERT [dbo].[LOCATIONS] ([ID], [CLIENTID], [VEHICULEID], [NBKM], [DATEDEBUT], [DATEFIN]) VALUES (673, 7, 14, 184, CAST(N'2018-01-21' AS Date), CAST(N'2017-12-30' AS Date))
GO
INSERT [dbo].[LOCATIONS] ([ID], [CLIENTID], [VEHICULEID], [NBKM], [DATEDEBUT], [DATEFIN]) VALUES (674, 3, 22, 169, CAST(N'2018-02-20' AS Date), CAST(N'2018-03-24' AS Date))
GO
INSERT [dbo].[LOCATIONS] ([ID], [CLIENTID], [VEHICULEID], [NBKM], [DATEDEBUT], [DATEFIN]) VALUES (675, 22, 24, 170, CAST(N'2018-05-09' AS Date), CAST(N'2018-02-01' AS Date))
GO
INSERT [dbo].[LOCATIONS] ([ID], [CLIENTID], [VEHICULEID], [NBKM], [DATEDEBUT], [DATEFIN]) VALUES (676, 12, 29, 67, CAST(N'2018-04-01' AS Date), CAST(N'2018-06-12' AS Date))
GO
INSERT [dbo].[LOCATIONS] ([ID], [CLIENTID], [VEHICULEID], [NBKM], [DATEDEBUT], [DATEFIN]) VALUES (677, 8, 6, 57, CAST(N'2018-02-28' AS Date), CAST(N'2018-01-08' AS Date))
GO
INSERT [dbo].[LOCATIONS] ([ID], [CLIENTID], [VEHICULEID], [NBKM], [DATEDEBUT], [DATEFIN]) VALUES (678, 37, 22, 194, CAST(N'2018-02-16' AS Date), CAST(N'2018-04-12' AS Date))
GO
INSERT [dbo].[LOCATIONS] ([ID], [CLIENTID], [VEHICULEID], [NBKM], [DATEDEBUT], [DATEFIN]) VALUES (680, 35, 22, 224, CAST(N'2018-04-18' AS Date), CAST(N'2018-04-19' AS Date))
GO
INSERT [dbo].[LOCATIONS] ([ID], [CLIENTID], [VEHICULEID], [NBKM], [DATEDEBUT], [DATEFIN]) VALUES (681, 40, 25, 92, CAST(N'2018-07-18' AS Date), CAST(N'2018-03-11' AS Date))
GO
INSERT [dbo].[LOCATIONS] ([ID], [CLIENTID], [VEHICULEID], [NBKM], [DATEDEBUT], [DATEFIN]) VALUES (682, 2, 10, 253, CAST(N'2018-03-31' AS Date), CAST(N'2018-04-16' AS Date))
GO
INSERT [dbo].[LOCATIONS] ([ID], [CLIENTID], [VEHICULEID], [NBKM], [DATEDEBUT], [DATEFIN]) VALUES (683, 38, 28, 232, CAST(N'2018-01-08' AS Date), CAST(N'2018-06-25' AS Date))
GO
INSERT [dbo].[LOCATIONS] ([ID], [CLIENTID], [VEHICULEID], [NBKM], [DATEDEBUT], [DATEFIN]) VALUES (684, 17, 27, 174, CAST(N'2018-03-01' AS Date), CAST(N'2018-08-05' AS Date))
GO
INSERT [dbo].[LOCATIONS] ([ID], [CLIENTID], [VEHICULEID], [NBKM], [DATEDEBUT], [DATEFIN]) VALUES (685, 35, 21, 139, CAST(N'2018-03-13' AS Date), CAST(N'2017-12-31' AS Date))
GO
INSERT [dbo].[LOCATIONS] ([ID], [CLIENTID], [VEHICULEID], [NBKM], [DATEDEBUT], [DATEFIN]) VALUES (686, 7, 25, 171, CAST(N'2017-11-18' AS Date), CAST(N'2018-07-25' AS Date))
GO
INSERT [dbo].[LOCATIONS] ([ID], [CLIENTID], [VEHICULEID], [NBKM], [DATEDEBUT], [DATEFIN]) VALUES (687, 10, 26, 159, CAST(N'2018-01-12' AS Date), CAST(N'2018-01-10' AS Date))
GO
INSERT [dbo].[LOCATIONS] ([ID], [CLIENTID], [VEHICULEID], [NBKM], [DATEDEBUT], [DATEFIN]) VALUES (689, 49, 1, 287, CAST(N'2017-12-18' AS Date), CAST(N'2018-06-05' AS Date))
GO
INSERT [dbo].[LOCATIONS] ([ID], [CLIENTID], [VEHICULEID], [NBKM], [DATEDEBUT], [DATEFIN]) VALUES (690, 26, 22, 140, CAST(N'2018-02-06' AS Date), CAST(N'2018-03-27' AS Date))
GO
INSERT [dbo].[LOCATIONS] ([ID], [CLIENTID], [VEHICULEID], [NBKM], [DATEDEBUT], [DATEFIN]) VALUES (692, 26, 21, 250, CAST(N'2018-01-08' AS Date), CAST(N'2018-03-02' AS Date))
GO
INSERT [dbo].[LOCATIONS] ([ID], [CLIENTID], [VEHICULEID], [NBKM], [DATEDEBUT], [DATEFIN]) VALUES (693, 23, 6, 243, CAST(N'2018-05-17' AS Date), CAST(N'2018-04-15' AS Date))
GO
INSERT [dbo].[LOCATIONS] ([ID], [CLIENTID], [VEHICULEID], [NBKM], [DATEDEBUT], [DATEFIN]) VALUES (694, 18, 29, 145, CAST(N'2018-05-06' AS Date), CAST(N'2018-02-18' AS Date))
GO
INSERT [dbo].[LOCATIONS] ([ID], [CLIENTID], [VEHICULEID], [NBKM], [DATEDEBUT], [DATEFIN]) VALUES (696, 40, 3, 157, CAST(N'2018-02-09' AS Date), CAST(N'2017-12-30' AS Date))
GO
INSERT [dbo].[LOCATIONS] ([ID], [CLIENTID], [VEHICULEID], [NBKM], [DATEDEBUT], [DATEFIN]) VALUES (697, 40, 29, 221, CAST(N'2018-03-17' AS Date), CAST(N'2017-12-31' AS Date))
GO
INSERT [dbo].[LOCATIONS] ([ID], [CLIENTID], [VEHICULEID], [NBKM], [DATEDEBUT], [DATEFIN]) VALUES (698, 42, 16, 229, CAST(N'2018-04-17' AS Date), CAST(N'2018-07-07' AS Date))
GO
INSERT [dbo].[LOCATIONS] ([ID], [CLIENTID], [VEHICULEID], [NBKM], [DATEDEBUT], [DATEFIN]) VALUES (699, 35, 18, 236, CAST(N'2018-01-17' AS Date), CAST(N'2018-04-07' AS Date))
GO
INSERT [dbo].[LOCATIONS] ([ID], [CLIENTID], [VEHICULEID], [NBKM], [DATEDEBUT], [DATEFIN]) VALUES (700, 29, 21, 155, CAST(N'2018-06-23' AS Date), CAST(N'2017-12-06' AS Date))
GO
INSERT [dbo].[LOCATIONS] ([ID], [CLIENTID], [VEHICULEID], [NBKM], [DATEDEBUT], [DATEFIN]) VALUES (701, 5, 8, 261, CAST(N'2018-07-08' AS Date), CAST(N'2018-05-01' AS Date))
GO
INSERT [dbo].[LOCATIONS] ([ID], [CLIENTID], [VEHICULEID], [NBKM], [DATEDEBUT], [DATEFIN]) VALUES (703, 12, 5, 79, CAST(N'2018-01-15' AS Date), CAST(N'2017-12-06' AS Date))
GO
INSERT [dbo].[LOCATIONS] ([ID], [CLIENTID], [VEHICULEID], [NBKM], [DATEDEBUT], [DATEFIN]) VALUES (704, 7, 14, 85, CAST(N'2018-01-11' AS Date), CAST(N'2018-04-03' AS Date))
GO
INSERT [dbo].[LOCATIONS] ([ID], [CLIENTID], [VEHICULEID], [NBKM], [DATEDEBUT], [DATEFIN]) VALUES (705, 28, 19, 142, CAST(N'2018-01-13' AS Date), CAST(N'2018-05-08' AS Date))
GO
INSERT [dbo].[LOCATIONS] ([ID], [CLIENTID], [VEHICULEID], [NBKM], [DATEDEBUT], [DATEFIN]) VALUES (706, 9, 3, 235, CAST(N'2017-12-29' AS Date), CAST(N'2018-08-18' AS Date))
GO
INSERT [dbo].[LOCATIONS] ([ID], [CLIENTID], [VEHICULEID], [NBKM], [DATEDEBUT], [DATEFIN]) VALUES (707, 8, 24, 61, CAST(N'2017-12-09' AS Date), CAST(N'2018-02-28' AS Date))
GO
INSERT [dbo].[LOCATIONS] ([ID], [CLIENTID], [VEHICULEID], [NBKM], [DATEDEBUT], [DATEFIN]) VALUES (708, 49, 29, 155, CAST(N'2018-06-30' AS Date), CAST(N'2018-05-13' AS Date))
GO
INSERT [dbo].[LOCATIONS] ([ID], [CLIENTID], [VEHICULEID], [NBKM], [DATEDEBUT], [DATEFIN]) VALUES (709, 47, 14, 239, CAST(N'2018-01-17' AS Date), CAST(N'2018-01-15' AS Date))
GO
INSERT [dbo].[LOCATIONS] ([ID], [CLIENTID], [VEHICULEID], [NBKM], [DATEDEBUT], [DATEFIN]) VALUES (710, 19, 21, 196, CAST(N'2018-05-13' AS Date), CAST(N'2018-08-07' AS Date))
GO
INSERT [dbo].[LOCATIONS] ([ID], [CLIENTID], [VEHICULEID], [NBKM], [DATEDEBUT], [DATEFIN]) VALUES (712, 2, 23, 94, CAST(N'2018-03-04' AS Date), CAST(N'2018-07-02' AS Date))
GO
INSERT [dbo].[LOCATIONS] ([ID], [CLIENTID], [VEHICULEID], [NBKM], [DATEDEBUT], [DATEFIN]) VALUES (713, 14, 15, 236, CAST(N'2018-05-11' AS Date), CAST(N'2018-06-08' AS Date))
GO
INSERT [dbo].[LOCATIONS] ([ID], [CLIENTID], [VEHICULEID], [NBKM], [DATEDEBUT], [DATEFIN]) VALUES (714, 46, 17, 119, CAST(N'2018-03-17' AS Date), CAST(N'2018-07-13' AS Date))
GO
INSERT [dbo].[LOCATIONS] ([ID], [CLIENTID], [VEHICULEID], [NBKM], [DATEDEBUT], [DATEFIN]) VALUES (715, 37, 26, 259, CAST(N'2018-05-30' AS Date), CAST(N'2018-03-04' AS Date))
GO
INSERT [dbo].[LOCATIONS] ([ID], [CLIENTID], [VEHICULEID], [NBKM], [DATEDEBUT], [DATEFIN]) VALUES (716, 16, 2, 216, CAST(N'2018-02-17' AS Date), CAST(N'2018-03-16' AS Date))
GO
INSERT [dbo].[LOCATIONS] ([ID], [CLIENTID], [VEHICULEID], [NBKM], [DATEDEBUT], [DATEFIN]) VALUES (717, 19, 21, 288, CAST(N'2018-03-12' AS Date), CAST(N'2018-07-19' AS Date))
GO
INSERT [dbo].[LOCATIONS] ([ID], [CLIENTID], [VEHICULEID], [NBKM], [DATEDEBUT], [DATEFIN]) VALUES (718, 13, 15, 287, CAST(N'2018-01-03' AS Date), CAST(N'2018-07-22' AS Date))
GO
INSERT [dbo].[LOCATIONS] ([ID], [CLIENTID], [VEHICULEID], [NBKM], [DATEDEBUT], [DATEFIN]) VALUES (719, 38, 9, 254, CAST(N'2018-03-30' AS Date), CAST(N'2018-05-27' AS Date))
GO
INSERT [dbo].[LOCATIONS] ([ID], [CLIENTID], [VEHICULEID], [NBKM], [DATEDEBUT], [DATEFIN]) VALUES (720, 9, 9, 226, CAST(N'2018-01-04' AS Date), CAST(N'2017-12-17' AS Date))
GO
INSERT [dbo].[LOCATIONS] ([ID], [CLIENTID], [VEHICULEID], [NBKM], [DATEDEBUT], [DATEFIN]) VALUES (721, 22, 11, 276, CAST(N'2018-04-14' AS Date), CAST(N'2018-05-01' AS Date))
GO
INSERT [dbo].[LOCATIONS] ([ID], [CLIENTID], [VEHICULEID], [NBKM], [DATEDEBUT], [DATEFIN]) VALUES (722, 28, 8, 141, CAST(N'2018-03-24' AS Date), CAST(N'2018-04-01' AS Date))
GO
INSERT [dbo].[LOCATIONS] ([ID], [CLIENTID], [VEHICULEID], [NBKM], [DATEDEBUT], [DATEFIN]) VALUES (723, 27, 24, 283, CAST(N'2018-07-08' AS Date), CAST(N'2018-06-12' AS Date))
GO
INSERT [dbo].[LOCATIONS] ([ID], [CLIENTID], [VEHICULEID], [NBKM], [DATEDEBUT], [DATEFIN]) VALUES (724, 23, 21, 266, CAST(N'2018-04-14' AS Date), CAST(N'2018-05-08' AS Date))
GO
INSERT [dbo].[LOCATIONS] ([ID], [CLIENTID], [VEHICULEID], [NBKM], [DATEDEBUT], [DATEFIN]) VALUES (725, 11, 18, 77, CAST(N'2018-05-26' AS Date), CAST(N'2018-02-16' AS Date))
GO
INSERT [dbo].[LOCATIONS] ([ID], [CLIENTID], [VEHICULEID], [NBKM], [DATEDEBUT], [DATEFIN]) VALUES (726, 11, 1, 164, CAST(N'2018-01-22' AS Date), CAST(N'2018-08-04' AS Date))
GO
INSERT [dbo].[LOCATIONS] ([ID], [CLIENTID], [VEHICULEID], [NBKM], [DATEDEBUT], [DATEFIN]) VALUES (727, 11, 14, 168, CAST(N'2017-12-27' AS Date), CAST(N'2018-02-23' AS Date))
GO
INSERT [dbo].[LOCATIONS] ([ID], [CLIENTID], [VEHICULEID], [NBKM], [DATEDEBUT], [DATEFIN]) VALUES (728, 5, 14, 111, CAST(N'2017-12-17' AS Date), CAST(N'2018-03-28' AS Date))
GO
INSERT [dbo].[LOCATIONS] ([ID], [CLIENTID], [VEHICULEID], [NBKM], [DATEDEBUT], [DATEFIN]) VALUES (729, 30, 22, 138, CAST(N'2017-12-07' AS Date), CAST(N'2018-04-10' AS Date))
GO
INSERT [dbo].[LOCATIONS] ([ID], [CLIENTID], [VEHICULEID], [NBKM], [DATEDEBUT], [DATEFIN]) VALUES (730, 1, 21, 234, CAST(N'2017-12-05' AS Date), CAST(N'2018-01-06' AS Date))
GO
INSERT [dbo].[LOCATIONS] ([ID], [CLIENTID], [VEHICULEID], [NBKM], [DATEDEBUT], [DATEFIN]) VALUES (731, 8, 10, 223, CAST(N'2018-04-29' AS Date), CAST(N'2018-07-31' AS Date))
GO
INSERT [dbo].[LOCATIONS] ([ID], [CLIENTID], [VEHICULEID], [NBKM], [DATEDEBUT], [DATEFIN]) VALUES (732, 41, 30, 214, CAST(N'2018-06-25' AS Date), CAST(N'2017-12-19' AS Date))
GO
INSERT [dbo].[LOCATIONS] ([ID], [CLIENTID], [VEHICULEID], [NBKM], [DATEDEBUT], [DATEFIN]) VALUES (735, 9, 3, 81, CAST(N'2018-07-15' AS Date), CAST(N'2018-08-06' AS Date))
GO
INSERT [dbo].[LOCATIONS] ([ID], [CLIENTID], [VEHICULEID], [NBKM], [DATEDEBUT], [DATEFIN]) VALUES (736, 36, 29, 298, CAST(N'2018-06-07' AS Date), CAST(N'2018-06-20' AS Date))
GO
INSERT [dbo].[LOCATIONS] ([ID], [CLIENTID], [VEHICULEID], [NBKM], [DATEDEBUT], [DATEFIN]) VALUES (737, 14, 3, 151, CAST(N'2018-04-26' AS Date), CAST(N'2018-02-07' AS Date))
GO
INSERT [dbo].[LOCATIONS] ([ID], [CLIENTID], [VEHICULEID], [NBKM], [DATEDEBUT], [DATEFIN]) VALUES (738, 3, 24, 286, CAST(N'2018-06-01' AS Date), CAST(N'2018-04-08' AS Date))
GO
INSERT [dbo].[LOCATIONS] ([ID], [CLIENTID], [VEHICULEID], [NBKM], [DATEDEBUT], [DATEFIN]) VALUES (739, 37, 20, 133, CAST(N'2017-11-26' AS Date), CAST(N'2018-05-26' AS Date))
GO
INSERT [dbo].[LOCATIONS] ([ID], [CLIENTID], [VEHICULEID], [NBKM], [DATEDEBUT], [DATEFIN]) VALUES (740, 48, 20, 70, CAST(N'2018-07-29' AS Date), CAST(N'2018-07-18' AS Date))
GO
INSERT [dbo].[LOCATIONS] ([ID], [CLIENTID], [VEHICULEID], [NBKM], [DATEDEBUT], [DATEFIN]) VALUES (741, 22, 30, 54, CAST(N'2018-06-30' AS Date), CAST(N'2018-01-08' AS Date))
GO
INSERT [dbo].[LOCATIONS] ([ID], [CLIENTID], [VEHICULEID], [NBKM], [DATEDEBUT], [DATEFIN]) VALUES (742, 14, 3, 183, CAST(N'2017-12-05' AS Date), CAST(N'2018-05-21' AS Date))
GO
INSERT [dbo].[LOCATIONS] ([ID], [CLIENTID], [VEHICULEID], [NBKM], [DATEDEBUT], [DATEFIN]) VALUES (743, 41, 10, 297, CAST(N'2018-03-25' AS Date), CAST(N'2018-07-16' AS Date))
GO
INSERT [dbo].[LOCATIONS] ([ID], [CLIENTID], [VEHICULEID], [NBKM], [DATEDEBUT], [DATEFIN]) VALUES (744, 36, 17, 223, CAST(N'2018-04-08' AS Date), CAST(N'2018-08-19' AS Date))
GO
INSERT [dbo].[LOCATIONS] ([ID], [CLIENTID], [VEHICULEID], [NBKM], [DATEDEBUT], [DATEFIN]) VALUES (745, 1, 26, 210, CAST(N'2017-12-23' AS Date), CAST(N'2018-08-01' AS Date))
GO
INSERT [dbo].[LOCATIONS] ([ID], [CLIENTID], [VEHICULEID], [NBKM], [DATEDEBUT], [DATEFIN]) VALUES (746, 37, 3, 157, CAST(N'2018-02-17' AS Date), CAST(N'2018-04-24' AS Date))
GO
INSERT [dbo].[LOCATIONS] ([ID], [CLIENTID], [VEHICULEID], [NBKM], [DATEDEBUT], [DATEFIN]) VALUES (747, 35, 10, 135, CAST(N'2017-12-24' AS Date), CAST(N'2018-04-01' AS Date))
GO
INSERT [dbo].[LOCATIONS] ([ID], [CLIENTID], [VEHICULEID], [NBKM], [DATEDEBUT], [DATEFIN]) VALUES (748, 6, 20, 253, CAST(N'2018-01-31' AS Date), CAST(N'2018-06-01' AS Date))
GO
INSERT [dbo].[LOCATIONS] ([ID], [CLIENTID], [VEHICULEID], [NBKM], [DATEDEBUT], [DATEFIN]) VALUES (749, 41, 19, 284, CAST(N'2018-04-19' AS Date), CAST(N'2018-04-25' AS Date))
GO
INSERT [dbo].[LOCATIONS] ([ID], [CLIENTID], [VEHICULEID], [NBKM], [DATEDEBUT], [DATEFIN]) VALUES (750, 10, 22, 252, CAST(N'2018-04-28' AS Date), CAST(N'2018-05-18' AS Date))
GO
INSERT [dbo].[LOCATIONS] ([ID], [CLIENTID], [VEHICULEID], [NBKM], [DATEDEBUT], [DATEFIN]) VALUES (751, 23, 28, 146, CAST(N'2018-02-12' AS Date), CAST(N'2018-02-11' AS Date))
GO
INSERT [dbo].[LOCATIONS] ([ID], [CLIENTID], [VEHICULEID], [NBKM], [DATEDEBUT], [DATEFIN]) VALUES (752, 24, 29, 142, CAST(N'2018-04-25' AS Date), CAST(N'2018-04-24' AS Date))
GO
INSERT [dbo].[LOCATIONS] ([ID], [CLIENTID], [VEHICULEID], [NBKM], [DATEDEBUT], [DATEFIN]) VALUES (753, 17, 18, 54, CAST(N'2018-07-25' AS Date), CAST(N'2018-06-26' AS Date))
GO
INSERT [dbo].[LOCATIONS] ([ID], [CLIENTID], [VEHICULEID], [NBKM], [DATEDEBUT], [DATEFIN]) VALUES (755, 39, 8, 85, CAST(N'2018-01-17' AS Date), CAST(N'2018-06-07' AS Date))
GO
INSERT [dbo].[LOCATIONS] ([ID], [CLIENTID], [VEHICULEID], [NBKM], [DATEDEBUT], [DATEFIN]) VALUES (756, 14, 30, 243, CAST(N'2018-03-29' AS Date), CAST(N'2018-08-03' AS Date))
GO
INSERT [dbo].[LOCATIONS] ([ID], [CLIENTID], [VEHICULEID], [NBKM], [DATEDEBUT], [DATEFIN]) VALUES (757, 14, 27, 235, CAST(N'2018-04-13' AS Date), CAST(N'2018-01-19' AS Date))
GO
INSERT [dbo].[LOCATIONS] ([ID], [CLIENTID], [VEHICULEID], [NBKM], [DATEDEBUT], [DATEFIN]) VALUES (758, 41, 17, 299, CAST(N'2018-06-06' AS Date), CAST(N'2018-01-04' AS Date))
GO
INSERT [dbo].[LOCATIONS] ([ID], [CLIENTID], [VEHICULEID], [NBKM], [DATEDEBUT], [DATEFIN]) VALUES (759, 14, 26, 184, CAST(N'2018-06-21' AS Date), CAST(N'2017-12-21' AS Date))
GO
INSERT [dbo].[LOCATIONS] ([ID], [CLIENTID], [VEHICULEID], [NBKM], [DATEDEBUT], [DATEFIN]) VALUES (760, 17, 16, 239, CAST(N'2018-06-20' AS Date), CAST(N'2018-05-30' AS Date))
GO
INSERT [dbo].[LOCATIONS] ([ID], [CLIENTID], [VEHICULEID], [NBKM], [DATEDEBUT], [DATEFIN]) VALUES (761, 44, 11, 251, CAST(N'2017-12-01' AS Date), CAST(N'2017-12-10' AS Date))
GO
INSERT [dbo].[LOCATIONS] ([ID], [CLIENTID], [VEHICULEID], [NBKM], [DATEDEBUT], [DATEFIN]) VALUES (762, 49, 15, 105, CAST(N'2017-12-30' AS Date), CAST(N'2018-03-30' AS Date))
GO
INSERT [dbo].[LOCATIONS] ([ID], [CLIENTID], [VEHICULEID], [NBKM], [DATEDEBUT], [DATEFIN]) VALUES (764, 42, 15, 243, CAST(N'2018-01-09' AS Date), CAST(N'2017-12-31' AS Date))
GO
INSERT [dbo].[LOCATIONS] ([ID], [CLIENTID], [VEHICULEID], [NBKM], [DATEDEBUT], [DATEFIN]) VALUES (765, 37, 1, 278, CAST(N'2017-11-28' AS Date), CAST(N'2017-12-19' AS Date))
GO
INSERT [dbo].[LOCATIONS] ([ID], [CLIENTID], [VEHICULEID], [NBKM], [DATEDEBUT], [DATEFIN]) VALUES (766, 7, 2, 221, CAST(N'2018-05-26' AS Date), CAST(N'2018-07-28' AS Date))
GO
INSERT [dbo].[LOCATIONS] ([ID], [CLIENTID], [VEHICULEID], [NBKM], [DATEDEBUT], [DATEFIN]) VALUES (767, 37, 27, 62, CAST(N'2018-07-11' AS Date), CAST(N'2018-07-08' AS Date))
GO
INSERT [dbo].[LOCATIONS] ([ID], [CLIENTID], [VEHICULEID], [NBKM], [DATEDEBUT], [DATEFIN]) VALUES (768, 42, 25, 283, CAST(N'2018-01-05' AS Date), CAST(N'2018-01-07' AS Date))
GO
INSERT [dbo].[LOCATIONS] ([ID], [CLIENTID], [VEHICULEID], [NBKM], [DATEDEBUT], [DATEFIN]) VALUES (769, 31, 1, 203, CAST(N'2018-07-11' AS Date), CAST(N'2018-05-16' AS Date))
GO
INSERT [dbo].[LOCATIONS] ([ID], [CLIENTID], [VEHICULEID], [NBKM], [DATEDEBUT], [DATEFIN]) VALUES (770, 15, 29, 285, CAST(N'2018-04-06' AS Date), CAST(N'2018-04-10' AS Date))
GO
INSERT [dbo].[LOCATIONS] ([ID], [CLIENTID], [VEHICULEID], [NBKM], [DATEDEBUT], [DATEFIN]) VALUES (771, 6, 19, 289, CAST(N'2018-01-08' AS Date), CAST(N'2018-03-25' AS Date))
GO
INSERT [dbo].[LOCATIONS] ([ID], [CLIENTID], [VEHICULEID], [NBKM], [DATEDEBUT], [DATEFIN]) VALUES (772, 32, 25, 62, CAST(N'2018-06-26' AS Date), CAST(N'2018-04-28' AS Date))
GO
INSERT [dbo].[LOCATIONS] ([ID], [CLIENTID], [VEHICULEID], [NBKM], [DATEDEBUT], [DATEFIN]) VALUES (773, 48, 9, 96, CAST(N'2018-06-25' AS Date), CAST(N'2018-06-11' AS Date))
GO
INSERT [dbo].[LOCATIONS] ([ID], [CLIENTID], [VEHICULEID], [NBKM], [DATEDEBUT], [DATEFIN]) VALUES (774, 3, 21, 276, CAST(N'2018-06-24' AS Date), CAST(N'2018-04-17' AS Date))
GO
INSERT [dbo].[LOCATIONS] ([ID], [CLIENTID], [VEHICULEID], [NBKM], [DATEDEBUT], [DATEFIN]) VALUES (775, 12, 23, 127, CAST(N'2018-04-28' AS Date), CAST(N'2018-07-24' AS Date))
GO
INSERT [dbo].[LOCATIONS] ([ID], [CLIENTID], [VEHICULEID], [NBKM], [DATEDEBUT], [DATEFIN]) VALUES (776, 13, 16, 229, CAST(N'2017-11-28' AS Date), CAST(N'2018-06-20' AS Date))
GO
INSERT [dbo].[LOCATIONS] ([ID], [CLIENTID], [VEHICULEID], [NBKM], [DATEDEBUT], [DATEFIN]) VALUES (777, 4, 26, 297, CAST(N'2017-11-18' AS Date), CAST(N'2018-08-04' AS Date))
GO
INSERT [dbo].[LOCATIONS] ([ID], [CLIENTID], [VEHICULEID], [NBKM], [DATEDEBUT], [DATEFIN]) VALUES (779, 14, 19, 79, CAST(N'2018-05-17' AS Date), CAST(N'2018-03-31' AS Date))
GO
INSERT [dbo].[LOCATIONS] ([ID], [CLIENTID], [VEHICULEID], [NBKM], [DATEDEBUT], [DATEFIN]) VALUES (781, 43, 8, 207, CAST(N'2018-06-05' AS Date), CAST(N'2018-08-07' AS Date))
GO
INSERT [dbo].[LOCATIONS] ([ID], [CLIENTID], [VEHICULEID], [NBKM], [DATEDEBUT], [DATEFIN]) VALUES (782, 28, 9, 64, CAST(N'2018-06-25' AS Date), CAST(N'2018-03-05' AS Date))
GO
INSERT [dbo].[LOCATIONS] ([ID], [CLIENTID], [VEHICULEID], [NBKM], [DATEDEBUT], [DATEFIN]) VALUES (783, 10, 20, 242, CAST(N'2018-01-30' AS Date), CAST(N'2018-05-29' AS Date))
GO
INSERT [dbo].[LOCATIONS] ([ID], [CLIENTID], [VEHICULEID], [NBKM], [DATEDEBUT], [DATEFIN]) VALUES (784, 12, 26, 140, CAST(N'2017-11-22' AS Date), CAST(N'2018-02-27' AS Date))
GO
INSERT [dbo].[LOCATIONS] ([ID], [CLIENTID], [VEHICULEID], [NBKM], [DATEDEBUT], [DATEFIN]) VALUES (785, 22, 19, 253, CAST(N'2017-12-18' AS Date), CAST(N'2018-06-05' AS Date))
GO
INSERT [dbo].[LOCATIONS] ([ID], [CLIENTID], [VEHICULEID], [NBKM], [DATEDEBUT], [DATEFIN]) VALUES (786, 28, 27, 284, CAST(N'2018-05-02' AS Date), CAST(N'2018-01-02' AS Date))
GO
INSERT [dbo].[LOCATIONS] ([ID], [CLIENTID], [VEHICULEID], [NBKM], [DATEDEBUT], [DATEFIN]) VALUES (789, 36, 11, 193, CAST(N'2018-02-15' AS Date), CAST(N'2017-12-23' AS Date))
GO
INSERT [dbo].[LOCATIONS] ([ID], [CLIENTID], [VEHICULEID], [NBKM], [DATEDEBUT], [DATEFIN]) VALUES (791, 12, 19, 182, CAST(N'2018-06-12' AS Date), CAST(N'2018-05-28' AS Date))
GO
INSERT [dbo].[LOCATIONS] ([ID], [CLIENTID], [VEHICULEID], [NBKM], [DATEDEBUT], [DATEFIN]) VALUES (792, 44, 25, 64, CAST(N'2018-07-23' AS Date), CAST(N'2018-05-28' AS Date))
GO
INSERT [dbo].[LOCATIONS] ([ID], [CLIENTID], [VEHICULEID], [NBKM], [DATEDEBUT], [DATEFIN]) VALUES (793, 29, 1, 214, CAST(N'2018-03-22' AS Date), CAST(N'2018-07-10' AS Date))
GO
INSERT [dbo].[LOCATIONS] ([ID], [CLIENTID], [VEHICULEID], [NBKM], [DATEDEBUT], [DATEFIN]) VALUES (794, 7, 29, 100, CAST(N'2018-03-09' AS Date), CAST(N'2018-08-13' AS Date))
GO
INSERT [dbo].[LOCATIONS] ([ID], [CLIENTID], [VEHICULEID], [NBKM], [DATEDEBUT], [DATEFIN]) VALUES (795, 39, 9, 126, CAST(N'2018-05-19' AS Date), CAST(N'2018-05-06' AS Date))
GO
INSERT [dbo].[LOCATIONS] ([ID], [CLIENTID], [VEHICULEID], [NBKM], [DATEDEBUT], [DATEFIN]) VALUES (796, 47, 3, 187, CAST(N'2018-05-04' AS Date), CAST(N'2018-02-07' AS Date))
GO
INSERT [dbo].[LOCATIONS] ([ID], [CLIENTID], [VEHICULEID], [NBKM], [DATEDEBUT], [DATEFIN]) VALUES (797, 3, 27, 244, CAST(N'2018-06-18' AS Date), CAST(N'2017-12-04' AS Date))
GO
INSERT [dbo].[LOCATIONS] ([ID], [CLIENTID], [VEHICULEID], [NBKM], [DATEDEBUT], [DATEFIN]) VALUES (798, 1, 25, 121, CAST(N'2018-06-04' AS Date), CAST(N'2017-12-15' AS Date))
GO
INSERT [dbo].[LOCATIONS] ([ID], [CLIENTID], [VEHICULEID], [NBKM], [DATEDEBUT], [DATEFIN]) VALUES (799, 14, 5, 95, CAST(N'2018-05-25' AS Date), CAST(N'2018-05-08' AS Date))
GO
INSERT [dbo].[LOCATIONS] ([ID], [CLIENTID], [VEHICULEID], [NBKM], [DATEDEBUT], [DATEFIN]) VALUES (800, 29, 2, 142, CAST(N'2017-11-24' AS Date), CAST(N'2018-01-15' AS Date))
GO
INSERT [dbo].[LOCATIONS] ([ID], [CLIENTID], [VEHICULEID], [NBKM], [DATEDEBUT], [DATEFIN]) VALUES (802, 32, 20, 263, CAST(N'2018-07-01' AS Date), CAST(N'2018-07-25' AS Date))
GO
INSERT [dbo].[LOCATIONS] ([ID], [CLIENTID], [VEHICULEID], [NBKM], [DATEDEBUT], [DATEFIN]) VALUES (803, 6, 25, 269, CAST(N'2017-11-27' AS Date), CAST(N'2018-07-23' AS Date))
GO
INSERT [dbo].[LOCATIONS] ([ID], [CLIENTID], [VEHICULEID], [NBKM], [DATEDEBUT], [DATEFIN]) VALUES (804, 38, 29, 196, CAST(N'2018-03-25' AS Date), CAST(N'2018-02-20' AS Date))
GO
INSERT [dbo].[LOCATIONS] ([ID], [CLIENTID], [VEHICULEID], [NBKM], [DATEDEBUT], [DATEFIN]) VALUES (805, 10, 30, 50, CAST(N'2018-03-13' AS Date), CAST(N'2018-03-11' AS Date))
GO
INSERT [dbo].[LOCATIONS] ([ID], [CLIENTID], [VEHICULEID], [NBKM], [DATEDEBUT], [DATEFIN]) VALUES (806, 43, 10, 59, CAST(N'2018-05-11' AS Date), CAST(N'2018-06-23' AS Date))
GO
INSERT [dbo].[LOCATIONS] ([ID], [CLIENTID], [VEHICULEID], [NBKM], [DATEDEBUT], [DATEFIN]) VALUES (807, 3, 21, 180, CAST(N'2018-01-23' AS Date), CAST(N'2018-01-19' AS Date))
GO
INSERT [dbo].[LOCATIONS] ([ID], [CLIENTID], [VEHICULEID], [NBKM], [DATEDEBUT], [DATEFIN]) VALUES (808, 21, 21, 117, CAST(N'2018-01-10' AS Date), CAST(N'2018-03-13' AS Date))
GO
INSERT [dbo].[LOCATIONS] ([ID], [CLIENTID], [VEHICULEID], [NBKM], [DATEDEBUT], [DATEFIN]) VALUES (809, 5, 2, 88, CAST(N'2018-05-21' AS Date), CAST(N'2018-05-17' AS Date))
GO
INSERT [dbo].[LOCATIONS] ([ID], [CLIENTID], [VEHICULEID], [NBKM], [DATEDEBUT], [DATEFIN]) VALUES (810, 46, 26, 164, CAST(N'2018-02-27' AS Date), CAST(N'2018-05-23' AS Date))
GO
INSERT [dbo].[LOCATIONS] ([ID], [CLIENTID], [VEHICULEID], [NBKM], [DATEDEBUT], [DATEFIN]) VALUES (811, 9, 14, 244, CAST(N'2018-06-03' AS Date), CAST(N'2018-04-15' AS Date))
GO
INSERT [dbo].[LOCATIONS] ([ID], [CLIENTID], [VEHICULEID], [NBKM], [DATEDEBUT], [DATEFIN]) VALUES (812, 12, 22, 294, CAST(N'2018-05-09' AS Date), CAST(N'2018-06-11' AS Date))
GO
INSERT [dbo].[LOCATIONS] ([ID], [CLIENTID], [VEHICULEID], [NBKM], [DATEDEBUT], [DATEFIN]) VALUES (814, 48, 8, 110, CAST(N'2018-03-16' AS Date), CAST(N'2018-03-05' AS Date))
GO
INSERT [dbo].[LOCATIONS] ([ID], [CLIENTID], [VEHICULEID], [NBKM], [DATEDEBUT], [DATEFIN]) VALUES (815, 6, 23, 91, CAST(N'2018-07-17' AS Date), CAST(N'2018-02-23' AS Date))
GO
INSERT [dbo].[LOCATIONS] ([ID], [CLIENTID], [VEHICULEID], [NBKM], [DATEDEBUT], [DATEFIN]) VALUES (816, 2, 1, 243, CAST(N'2018-07-02' AS Date), CAST(N'2018-06-02' AS Date))
GO
INSERT [dbo].[LOCATIONS] ([ID], [CLIENTID], [VEHICULEID], [NBKM], [DATEDEBUT], [DATEFIN]) VALUES (818, 43, 17, 194, CAST(N'2018-01-02' AS Date), CAST(N'2018-01-21' AS Date))
GO
INSERT [dbo].[LOCATIONS] ([ID], [CLIENTID], [VEHICULEID], [NBKM], [DATEDEBUT], [DATEFIN]) VALUES (819, 42, 11, 88, CAST(N'2018-06-08' AS Date), CAST(N'2018-04-02' AS Date))
GO
INSERT [dbo].[LOCATIONS] ([ID], [CLIENTID], [VEHICULEID], [NBKM], [DATEDEBUT], [DATEFIN]) VALUES (820, 32, 23, 270, CAST(N'2018-06-08' AS Date), CAST(N'2018-07-13' AS Date))
GO
INSERT [dbo].[LOCATIONS] ([ID], [CLIENTID], [VEHICULEID], [NBKM], [DATEDEBUT], [DATEFIN]) VALUES (821, 1, 15, 180, CAST(N'2017-11-19' AS Date), CAST(N'2018-03-29' AS Date))
GO
INSERT [dbo].[LOCATIONS] ([ID], [CLIENTID], [VEHICULEID], [NBKM], [DATEDEBUT], [DATEFIN]) VALUES (822, 11, 26, 187, CAST(N'2018-03-27' AS Date), CAST(N'2018-07-22' AS Date))
GO
INSERT [dbo].[LOCATIONS] ([ID], [CLIENTID], [VEHICULEID], [NBKM], [DATEDEBUT], [DATEFIN]) VALUES (823, 35, 1, 281, CAST(N'2018-07-23' AS Date), CAST(N'2018-04-29' AS Date))
GO
INSERT [dbo].[LOCATIONS] ([ID], [CLIENTID], [VEHICULEID], [NBKM], [DATEDEBUT], [DATEFIN]) VALUES (824, 33, 6, 266, CAST(N'2018-06-25' AS Date), CAST(N'2018-06-06' AS Date))
GO
INSERT [dbo].[LOCATIONS] ([ID], [CLIENTID], [VEHICULEID], [NBKM], [DATEDEBUT], [DATEFIN]) VALUES (825, 8, 28, 264, CAST(N'2018-03-21' AS Date), CAST(N'2018-08-17' AS Date))
GO
INSERT [dbo].[LOCATIONS] ([ID], [CLIENTID], [VEHICULEID], [NBKM], [DATEDEBUT], [DATEFIN]) VALUES (826, 48, 26, 198, CAST(N'2018-07-29' AS Date), CAST(N'2018-05-14' AS Date))
GO
INSERT [dbo].[LOCATIONS] ([ID], [CLIENTID], [VEHICULEID], [NBKM], [DATEDEBUT], [DATEFIN]) VALUES (827, 44, 26, 132, CAST(N'2017-12-09' AS Date), CAST(N'2018-06-08' AS Date))
GO
INSERT [dbo].[LOCATIONS] ([ID], [CLIENTID], [VEHICULEID], [NBKM], [DATEDEBUT], [DATEFIN]) VALUES (828, 21, 15, 233, CAST(N'2018-02-05' AS Date), CAST(N'2018-05-02' AS Date))
GO
INSERT [dbo].[LOCATIONS] ([ID], [CLIENTID], [VEHICULEID], [NBKM], [DATEDEBUT], [DATEFIN]) VALUES (829, 47, 16, 114, CAST(N'2018-01-09' AS Date), CAST(N'2018-03-30' AS Date))
GO
INSERT [dbo].[LOCATIONS] ([ID], [CLIENTID], [VEHICULEID], [NBKM], [DATEDEBUT], [DATEFIN]) VALUES (830, 17, 30, 220, CAST(N'2018-05-08' AS Date), CAST(N'2018-04-09' AS Date))
GO
INSERT [dbo].[LOCATIONS] ([ID], [CLIENTID], [VEHICULEID], [NBKM], [DATEDEBUT], [DATEFIN]) VALUES (831, 41, 25, 173, CAST(N'2017-12-18' AS Date), CAST(N'2018-05-05' AS Date))
GO
INSERT [dbo].[LOCATIONS] ([ID], [CLIENTID], [VEHICULEID], [NBKM], [DATEDEBUT], [DATEFIN]) VALUES (833, 25, 29, 200, CAST(N'2017-12-22' AS Date), CAST(N'2018-06-26' AS Date))
GO
INSERT [dbo].[LOCATIONS] ([ID], [CLIENTID], [VEHICULEID], [NBKM], [DATEDEBUT], [DATEFIN]) VALUES (834, 12, 25, 248, CAST(N'2018-01-10' AS Date), CAST(N'2018-07-10' AS Date))
GO
INSERT [dbo].[LOCATIONS] ([ID], [CLIENTID], [VEHICULEID], [NBKM], [DATEDEBUT], [DATEFIN]) VALUES (837, 1, 2, 100, CAST(N'2018-03-03' AS Date), CAST(N'2018-05-19' AS Date))
GO
INSERT [dbo].[LOCATIONS] ([ID], [CLIENTID], [VEHICULEID], [NBKM], [DATEDEBUT], [DATEFIN]) VALUES (838, 14, 24, 280, CAST(N'2018-01-09' AS Date), CAST(N'2018-03-14' AS Date))
GO
INSERT [dbo].[LOCATIONS] ([ID], [CLIENTID], [VEHICULEID], [NBKM], [DATEDEBUT], [DATEFIN]) VALUES (839, 13, 20, 154, CAST(N'2018-04-27' AS Date), CAST(N'2018-01-30' AS Date))
GO
INSERT [dbo].[LOCATIONS] ([ID], [CLIENTID], [VEHICULEID], [NBKM], [DATEDEBUT], [DATEFIN]) VALUES (840, 9, 16, 247, CAST(N'2017-12-12' AS Date), CAST(N'2018-06-16' AS Date))
GO
INSERT [dbo].[LOCATIONS] ([ID], [CLIENTID], [VEHICULEID], [NBKM], [DATEDEBUT], [DATEFIN]) VALUES (841, 42, 12, 300, CAST(N'2017-12-08' AS Date), CAST(N'2018-07-07' AS Date))
GO
INSERT [dbo].[LOCATIONS] ([ID], [CLIENTID], [VEHICULEID], [NBKM], [DATEDEBUT], [DATEFIN]) VALUES (842, 29, 26, 257, CAST(N'2018-02-01' AS Date), CAST(N'2018-01-28' AS Date))
GO
INSERT [dbo].[LOCATIONS] ([ID], [CLIENTID], [VEHICULEID], [NBKM], [DATEDEBUT], [DATEFIN]) VALUES (844, 31, 27, 265, CAST(N'2017-12-08' AS Date), CAST(N'2018-03-06' AS Date))
GO
INSERT [dbo].[LOCATIONS] ([ID], [CLIENTID], [VEHICULEID], [NBKM], [DATEDEBUT], [DATEFIN]) VALUES (847, 44, 6, 254, CAST(N'2018-06-12' AS Date), CAST(N'2018-05-10' AS Date))
GO
INSERT [dbo].[LOCATIONS] ([ID], [CLIENTID], [VEHICULEID], [NBKM], [DATEDEBUT], [DATEFIN]) VALUES (848, 36, 17, 267, CAST(N'2018-04-06' AS Date), CAST(N'2018-02-10' AS Date))
GO
INSERT [dbo].[LOCATIONS] ([ID], [CLIENTID], [VEHICULEID], [NBKM], [DATEDEBUT], [DATEFIN]) VALUES (849, 16, 26, 132, CAST(N'2018-02-15' AS Date), CAST(N'2018-02-16' AS Date))
GO
INSERT [dbo].[LOCATIONS] ([ID], [CLIENTID], [VEHICULEID], [NBKM], [DATEDEBUT], [DATEFIN]) VALUES (850, 28, 25, 246, CAST(N'2018-02-18' AS Date), CAST(N'2018-08-19' AS Date))
GO
INSERT [dbo].[LOCATIONS] ([ID], [CLIENTID], [VEHICULEID], [NBKM], [DATEDEBUT], [DATEFIN]) VALUES (851, 33, 3, 186, CAST(N'2018-05-12' AS Date), CAST(N'2018-02-25' AS Date))
GO
INSERT [dbo].[LOCATIONS] ([ID], [CLIENTID], [VEHICULEID], [NBKM], [DATEDEBUT], [DATEFIN]) VALUES (853, 43, 16, 267, CAST(N'2018-04-18' AS Date), CAST(N'2018-02-15' AS Date))
GO
INSERT [dbo].[LOCATIONS] ([ID], [CLIENTID], [VEHICULEID], [NBKM], [DATEDEBUT], [DATEFIN]) VALUES (854, 41, 16, 150, CAST(N'2017-12-22' AS Date), CAST(N'2018-06-16' AS Date))
GO
INSERT [dbo].[LOCATIONS] ([ID], [CLIENTID], [VEHICULEID], [NBKM], [DATEDEBUT], [DATEFIN]) VALUES (855, 20, 3, 52, CAST(N'2018-06-03' AS Date), CAST(N'2018-07-22' AS Date))
GO
INSERT [dbo].[LOCATIONS] ([ID], [CLIENTID], [VEHICULEID], [NBKM], [DATEDEBUT], [DATEFIN]) VALUES (856, 27, 11, 74, CAST(N'2017-11-08' AS Date), CAST(N'2017-12-05' AS Date))
GO
INSERT [dbo].[LOCATIONS] ([ID], [CLIENTID], [VEHICULEID], [NBKM], [DATEDEBUT], [DATEFIN]) VALUES (857, 18, 25, 80, CAST(N'2018-07-09' AS Date), CAST(N'2018-02-24' AS Date))
GO
INSERT [dbo].[LOCATIONS] ([ID], [CLIENTID], [VEHICULEID], [NBKM], [DATEDEBUT], [DATEFIN]) VALUES (859, 10, 2, 126, CAST(N'2018-06-03' AS Date), CAST(N'2018-03-11' AS Date))
GO
INSERT [dbo].[LOCATIONS] ([ID], [CLIENTID], [VEHICULEID], [NBKM], [DATEDEBUT], [DATEFIN]) VALUES (860, 34, 29, 235, CAST(N'2018-01-17' AS Date), CAST(N'2018-07-14' AS Date))
GO
INSERT [dbo].[LOCATIONS] ([ID], [CLIENTID], [VEHICULEID], [NBKM], [DATEDEBUT], [DATEFIN]) VALUES (861, 22, 16, 128, CAST(N'2018-02-23' AS Date), CAST(N'2018-08-17' AS Date))
GO
INSERT [dbo].[LOCATIONS] ([ID], [CLIENTID], [VEHICULEID], [NBKM], [DATEDEBUT], [DATEFIN]) VALUES (862, 35, 19, 83, CAST(N'2018-07-04' AS Date), CAST(N'2018-06-16' AS Date))
GO
INSERT [dbo].[LOCATIONS] ([ID], [CLIENTID], [VEHICULEID], [NBKM], [DATEDEBUT], [DATEFIN]) VALUES (863, 23, 23, 166, CAST(N'2017-12-15' AS Date), CAST(N'2018-07-01' AS Date))
GO
INSERT [dbo].[LOCATIONS] ([ID], [CLIENTID], [VEHICULEID], [NBKM], [DATEDEBUT], [DATEFIN]) VALUES (864, 8, 3, 261, CAST(N'2017-11-22' AS Date), CAST(N'2018-03-15' AS Date))
GO
INSERT [dbo].[LOCATIONS] ([ID], [CLIENTID], [VEHICULEID], [NBKM], [DATEDEBUT], [DATEFIN]) VALUES (865, 25, 19, 187, CAST(N'2018-03-01' AS Date), CAST(N'2018-02-03' AS Date))
GO
INSERT [dbo].[LOCATIONS] ([ID], [CLIENTID], [VEHICULEID], [NBKM], [DATEDEBUT], [DATEFIN]) VALUES (866, 38, 23, 55, CAST(N'2017-11-21' AS Date), CAST(N'2018-06-13' AS Date))
GO
INSERT [dbo].[LOCATIONS] ([ID], [CLIENTID], [VEHICULEID], [NBKM], [DATEDEBUT], [DATEFIN]) VALUES (867, 4, 1, 145, CAST(N'2018-06-18' AS Date), CAST(N'2018-08-05' AS Date))
GO
INSERT [dbo].[LOCATIONS] ([ID], [CLIENTID], [VEHICULEID], [NBKM], [DATEDEBUT], [DATEFIN]) VALUES (868, 28, 12, 156, CAST(N'2018-06-24' AS Date), CAST(N'2018-01-06' AS Date))
GO
INSERT [dbo].[LOCATIONS] ([ID], [CLIENTID], [VEHICULEID], [NBKM], [DATEDEBUT], [DATEFIN]) VALUES (869, 6, 28, 143, CAST(N'2018-05-12' AS Date), CAST(N'2018-05-27' AS Date))
GO
INSERT [dbo].[LOCATIONS] ([ID], [CLIENTID], [VEHICULEID], [NBKM], [DATEDEBUT], [DATEFIN]) VALUES (870, 36, 23, 104, CAST(N'2017-11-05' AS Date), CAST(N'2018-01-19' AS Date))
GO
INSERT [dbo].[LOCATIONS] ([ID], [CLIENTID], [VEHICULEID], [NBKM], [DATEDEBUT], [DATEFIN]) VALUES (871, 1, 24, 82, CAST(N'2018-05-26' AS Date), CAST(N'2018-04-04' AS Date))
GO
INSERT [dbo].[LOCATIONS] ([ID], [CLIENTID], [VEHICULEID], [NBKM], [DATEDEBUT], [DATEFIN]) VALUES (872, 37, 23, 229, CAST(N'2018-06-18' AS Date), CAST(N'2017-12-12' AS Date))
GO
INSERT [dbo].[LOCATIONS] ([ID], [CLIENTID], [VEHICULEID], [NBKM], [DATEDEBUT], [DATEFIN]) VALUES (873, 4, 19, 191, CAST(N'2018-03-10' AS Date), CAST(N'2018-06-05' AS Date))
GO
INSERT [dbo].[LOCATIONS] ([ID], [CLIENTID], [VEHICULEID], [NBKM], [DATEDEBUT], [DATEFIN]) VALUES (874, 25, 1, 264, CAST(N'2018-06-12' AS Date), CAST(N'2018-02-08' AS Date))
GO
INSERT [dbo].[LOCATIONS] ([ID], [CLIENTID], [VEHICULEID], [NBKM], [DATEDEBUT], [DATEFIN]) VALUES (875, 38, 11, 263, CAST(N'2018-06-05' AS Date), CAST(N'2018-08-01' AS Date))
GO
INSERT [dbo].[LOCATIONS] ([ID], [CLIENTID], [VEHICULEID], [NBKM], [DATEDEBUT], [DATEFIN]) VALUES (876, 38, 5, 100, CAST(N'2018-05-05' AS Date), CAST(N'2018-01-07' AS Date))
GO
INSERT [dbo].[LOCATIONS] ([ID], [CLIENTID], [VEHICULEID], [NBKM], [DATEDEBUT], [DATEFIN]) VALUES (877, 44, 24, 263, CAST(N'2017-11-25' AS Date), CAST(N'2018-03-16' AS Date))
GO
INSERT [dbo].[LOCATIONS] ([ID], [CLIENTID], [VEHICULEID], [NBKM], [DATEDEBUT], [DATEFIN]) VALUES (879, 24, 3, 162, CAST(N'2018-01-01' AS Date), CAST(N'2018-03-23' AS Date))
GO
INSERT [dbo].[LOCATIONS] ([ID], [CLIENTID], [VEHICULEID], [NBKM], [DATEDEBUT], [DATEFIN]) VALUES (880, 33, 2, 291, CAST(N'2018-05-02' AS Date), CAST(N'2017-12-31' AS Date))
GO
INSERT [dbo].[LOCATIONS] ([ID], [CLIENTID], [VEHICULEID], [NBKM], [DATEDEBUT], [DATEFIN]) VALUES (881, 28, 25, 100, CAST(N'2018-06-30' AS Date), CAST(N'2018-02-23' AS Date))
GO
INSERT [dbo].[LOCATIONS] ([ID], [CLIENTID], [VEHICULEID], [NBKM], [DATEDEBUT], [DATEFIN]) VALUES (882, 41, 17, 160, CAST(N'2018-04-11' AS Date), CAST(N'2018-03-31' AS Date))
GO
INSERT [dbo].[LOCATIONS] ([ID], [CLIENTID], [VEHICULEID], [NBKM], [DATEDEBUT], [DATEFIN]) VALUES (883, 3, 26, 189, CAST(N'2018-07-03' AS Date), CAST(N'2018-02-14' AS Date))
GO
INSERT [dbo].[LOCATIONS] ([ID], [CLIENTID], [VEHICULEID], [NBKM], [DATEDEBUT], [DATEFIN]) VALUES (885, 5, 12, 188, CAST(N'2018-05-11' AS Date), CAST(N'2018-02-20' AS Date))
GO
INSERT [dbo].[LOCATIONS] ([ID], [CLIENTID], [VEHICULEID], [NBKM], [DATEDEBUT], [DATEFIN]) VALUES (886, 3, 12, 148, CAST(N'2018-04-19' AS Date), CAST(N'2017-12-26' AS Date))
GO
INSERT [dbo].[LOCATIONS] ([ID], [CLIENTID], [VEHICULEID], [NBKM], [DATEDEBUT], [DATEFIN]) VALUES (887, 24, 19, 188, CAST(N'2018-01-22' AS Date), CAST(N'2018-07-26' AS Date))
GO
INSERT [dbo].[LOCATIONS] ([ID], [CLIENTID], [VEHICULEID], [NBKM], [DATEDEBUT], [DATEFIN]) VALUES (888, 19, 14, 52, CAST(N'2018-04-21' AS Date), CAST(N'2018-04-10' AS Date))
GO
INSERT [dbo].[LOCATIONS] ([ID], [CLIENTID], [VEHICULEID], [NBKM], [DATEDEBUT], [DATEFIN]) VALUES (889, 24, 16, 169, CAST(N'2018-07-15' AS Date), CAST(N'2017-12-23' AS Date))
GO
INSERT [dbo].[LOCATIONS] ([ID], [CLIENTID], [VEHICULEID], [NBKM], [DATEDEBUT], [DATEFIN]) VALUES (890, 9, 1, 126, CAST(N'2018-04-27' AS Date), CAST(N'2017-12-16' AS Date))
GO
INSERT [dbo].[LOCATIONS] ([ID], [CLIENTID], [VEHICULEID], [NBKM], [DATEDEBUT], [DATEFIN]) VALUES (891, 47, 2, 68, CAST(N'2017-12-11' AS Date), CAST(N'2018-02-20' AS Date))
GO
INSERT [dbo].[LOCATIONS] ([ID], [CLIENTID], [VEHICULEID], [NBKM], [DATEDEBUT], [DATEFIN]) VALUES (893, 26, 28, 244, CAST(N'2018-02-10' AS Date), CAST(N'2018-02-02' AS Date))
GO
INSERT [dbo].[LOCATIONS] ([ID], [CLIENTID], [VEHICULEID], [NBKM], [DATEDEBUT], [DATEFIN]) VALUES (894, 15, 11, 240, CAST(N'2018-04-04' AS Date), CAST(N'2018-07-08' AS Date))
GO
INSERT [dbo].[LOCATIONS] ([ID], [CLIENTID], [VEHICULEID], [NBKM], [DATEDEBUT], [DATEFIN]) VALUES (896, 31, 9, 282, CAST(N'2018-05-14' AS Date), CAST(N'2018-03-11' AS Date))
GO
INSERT [dbo].[LOCATIONS] ([ID], [CLIENTID], [VEHICULEID], [NBKM], [DATEDEBUT], [DATEFIN]) VALUES (897, 46, 30, 295, CAST(N'2018-07-04' AS Date), CAST(N'2018-02-18' AS Date))
GO
INSERT [dbo].[LOCATIONS] ([ID], [CLIENTID], [VEHICULEID], [NBKM], [DATEDEBUT], [DATEFIN]) VALUES (898, 46, 21, 288, CAST(N'2018-07-29' AS Date), CAST(N'2018-01-20' AS Date))
GO
INSERT [dbo].[LOCATIONS] ([ID], [CLIENTID], [VEHICULEID], [NBKM], [DATEDEBUT], [DATEFIN]) VALUES (899, 11, 27, 155, CAST(N'2017-11-07' AS Date), CAST(N'2018-04-26' AS Date))
GO
INSERT [dbo].[LOCATIONS] ([ID], [CLIENTID], [VEHICULEID], [NBKM], [DATEDEBUT], [DATEFIN]) VALUES (900, 12, 3, 203, CAST(N'2018-03-15' AS Date), CAST(N'2018-07-01' AS Date))
GO
INSERT [dbo].[LOCATIONS] ([ID], [CLIENTID], [VEHICULEID], [NBKM], [DATEDEBUT], [DATEFIN]) VALUES (901, 19, 27, 195, CAST(N'2018-03-20' AS Date), CAST(N'2018-04-13' AS Date))
GO
INSERT [dbo].[LOCATIONS] ([ID], [CLIENTID], [VEHICULEID], [NBKM], [DATEDEBUT], [DATEFIN]) VALUES (902, 20, 8, 223, CAST(N'2017-12-04' AS Date), CAST(N'2018-03-02' AS Date))
GO
INSERT [dbo].[LOCATIONS] ([ID], [CLIENTID], [VEHICULEID], [NBKM], [DATEDEBUT], [DATEFIN]) VALUES (903, 38, 6, 231, CAST(N'2018-05-26' AS Date), CAST(N'2017-12-15' AS Date))
GO
INSERT [dbo].[LOCATIONS] ([ID], [CLIENTID], [VEHICULEID], [NBKM], [DATEDEBUT], [DATEFIN]) VALUES (904, 19, 28, 185, CAST(N'2017-11-23' AS Date), CAST(N'2018-05-07' AS Date))
GO
INSERT [dbo].[LOCATIONS] ([ID], [CLIENTID], [VEHICULEID], [NBKM], [DATEDEBUT], [DATEFIN]) VALUES (905, 32, 23, 107, CAST(N'2018-06-13' AS Date), CAST(N'2018-01-17' AS Date))
GO
INSERT [dbo].[LOCATIONS] ([ID], [CLIENTID], [VEHICULEID], [NBKM], [DATEDEBUT], [DATEFIN]) VALUES (906, 26, 9, 258, CAST(N'2018-05-17' AS Date), CAST(N'2018-05-20' AS Date))
GO
INSERT [dbo].[LOCATIONS] ([ID], [CLIENTID], [VEHICULEID], [NBKM], [DATEDEBUT], [DATEFIN]) VALUES (907, 13, 22, 135, CAST(N'2018-02-01' AS Date), CAST(N'2017-12-27' AS Date))
GO
INSERT [dbo].[LOCATIONS] ([ID], [CLIENTID], [VEHICULEID], [NBKM], [DATEDEBUT], [DATEFIN]) VALUES (908, 44, 20, 279, CAST(N'2018-03-24' AS Date), CAST(N'2018-02-14' AS Date))
GO
INSERT [dbo].[LOCATIONS] ([ID], [CLIENTID], [VEHICULEID], [NBKM], [DATEDEBUT], [DATEFIN]) VALUES (909, 15, 22, 121, CAST(N'2017-11-11' AS Date), CAST(N'2018-08-06' AS Date))
GO
INSERT [dbo].[LOCATIONS] ([ID], [CLIENTID], [VEHICULEID], [NBKM], [DATEDEBUT], [DATEFIN]) VALUES (910, 38, 3, 262, CAST(N'2018-02-27' AS Date), CAST(N'2018-08-11' AS Date))
GO
INSERT [dbo].[LOCATIONS] ([ID], [CLIENTID], [VEHICULEID], [NBKM], [DATEDEBUT], [DATEFIN]) VALUES (911, 20, 10, 230, CAST(N'2018-05-11' AS Date), CAST(N'2018-05-11' AS Date))
GO
INSERT [dbo].[LOCATIONS] ([ID], [CLIENTID], [VEHICULEID], [NBKM], [DATEDEBUT], [DATEFIN]) VALUES (912, 9, 6, 298, CAST(N'2018-07-31' AS Date), CAST(N'2018-03-14' AS Date))
GO
INSERT [dbo].[LOCATIONS] ([ID], [CLIENTID], [VEHICULEID], [NBKM], [DATEDEBUT], [DATEFIN]) VALUES (914, 44, 19, 209, CAST(N'2018-02-27' AS Date), CAST(N'2018-02-22' AS Date))
GO
INSERT [dbo].[LOCATIONS] ([ID], [CLIENTID], [VEHICULEID], [NBKM], [DATEDEBUT], [DATEFIN]) VALUES (915, 18, 28, 216, CAST(N'2018-02-10' AS Date), CAST(N'2017-12-22' AS Date))
GO
INSERT [dbo].[LOCATIONS] ([ID], [CLIENTID], [VEHICULEID], [NBKM], [DATEDEBUT], [DATEFIN]) VALUES (916, 34, 16, 207, CAST(N'2017-12-09' AS Date), CAST(N'2018-03-17' AS Date))
GO
INSERT [dbo].[LOCATIONS] ([ID], [CLIENTID], [VEHICULEID], [NBKM], [DATEDEBUT], [DATEFIN]) VALUES (917, 14, 3, 277, CAST(N'2017-12-16' AS Date), CAST(N'2017-12-08' AS Date))
GO
INSERT [dbo].[LOCATIONS] ([ID], [CLIENTID], [VEHICULEID], [NBKM], [DATEDEBUT], [DATEFIN]) VALUES (918, 35, 14, 228, CAST(N'2018-06-23' AS Date), CAST(N'2018-04-19' AS Date))
GO
INSERT [dbo].[LOCATIONS] ([ID], [CLIENTID], [VEHICULEID], [NBKM], [DATEDEBUT], [DATEFIN]) VALUES (919, 2, 3, 138, CAST(N'2017-11-14' AS Date), CAST(N'2018-01-02' AS Date))
GO
INSERT [dbo].[LOCATIONS] ([ID], [CLIENTID], [VEHICULEID], [NBKM], [DATEDEBUT], [DATEFIN]) VALUES (920, 41, 17, 198, CAST(N'2018-03-22' AS Date), CAST(N'2018-06-14' AS Date))
GO
INSERT [dbo].[LOCATIONS] ([ID], [CLIENTID], [VEHICULEID], [NBKM], [DATEDEBUT], [DATEFIN]) VALUES (921, 36, 21, 205, CAST(N'2017-12-10' AS Date), CAST(N'2018-02-26' AS Date))
GO
INSERT [dbo].[LOCATIONS] ([ID], [CLIENTID], [VEHICULEID], [NBKM], [DATEDEBUT], [DATEFIN]) VALUES (922, 46, 28, 103, CAST(N'2018-07-14' AS Date), CAST(N'2018-06-06' AS Date))
GO
INSERT [dbo].[LOCATIONS] ([ID], [CLIENTID], [VEHICULEID], [NBKM], [DATEDEBUT], [DATEFIN]) VALUES (923, 30, 14, 139, CAST(N'2018-06-23' AS Date), CAST(N'2018-01-10' AS Date))
GO
INSERT [dbo].[LOCATIONS] ([ID], [CLIENTID], [VEHICULEID], [NBKM], [DATEDEBUT], [DATEFIN]) VALUES (924, 44, 11, 80, CAST(N'2018-07-21' AS Date), CAST(N'2018-03-07' AS Date))
GO
INSERT [dbo].[LOCATIONS] ([ID], [CLIENTID], [VEHICULEID], [NBKM], [DATEDEBUT], [DATEFIN]) VALUES (925, 48, 17, 91, CAST(N'2018-01-03' AS Date), CAST(N'2018-03-06' AS Date))
GO
INSERT [dbo].[LOCATIONS] ([ID], [CLIENTID], [VEHICULEID], [NBKM], [DATEDEBUT], [DATEFIN]) VALUES (926, 39, 5, 179, CAST(N'2017-11-16' AS Date), CAST(N'2017-12-11' AS Date))
GO
INSERT [dbo].[LOCATIONS] ([ID], [CLIENTID], [VEHICULEID], [NBKM], [DATEDEBUT], [DATEFIN]) VALUES (928, 35, 16, 185, CAST(N'2017-12-06' AS Date), CAST(N'2017-12-03' AS Date))
GO
INSERT [dbo].[LOCATIONS] ([ID], [CLIENTID], [VEHICULEID], [NBKM], [DATEDEBUT], [DATEFIN]) VALUES (929, 17, 25, 191, CAST(N'2018-07-22' AS Date), CAST(N'2018-08-15' AS Date))
GO
INSERT [dbo].[LOCATIONS] ([ID], [CLIENTID], [VEHICULEID], [NBKM], [DATEDEBUT], [DATEFIN]) VALUES (930, 30, 3, 299, CAST(N'2018-07-24' AS Date), CAST(N'2018-01-17' AS Date))
GO
INSERT [dbo].[LOCATIONS] ([ID], [CLIENTID], [VEHICULEID], [NBKM], [DATEDEBUT], [DATEFIN]) VALUES (931, 4, 22, 118, CAST(N'2018-01-28' AS Date), CAST(N'2018-07-13' AS Date))
GO
INSERT [dbo].[LOCATIONS] ([ID], [CLIENTID], [VEHICULEID], [NBKM], [DATEDEBUT], [DATEFIN]) VALUES (932, 16, 6, 81, CAST(N'2017-12-30' AS Date), CAST(N'2018-01-29' AS Date))
GO
INSERT [dbo].[LOCATIONS] ([ID], [CLIENTID], [VEHICULEID], [NBKM], [DATEDEBUT], [DATEFIN]) VALUES (935, 32, 1, 246, CAST(N'2017-11-10' AS Date), CAST(N'2018-08-03' AS Date))
GO
INSERT [dbo].[LOCATIONS] ([ID], [CLIENTID], [VEHICULEID], [NBKM], [DATEDEBUT], [DATEFIN]) VALUES (936, 48, 30, 286, CAST(N'2017-11-04' AS Date), CAST(N'2018-01-19' AS Date))
GO
INSERT [dbo].[LOCATIONS] ([ID], [CLIENTID], [VEHICULEID], [NBKM], [DATEDEBUT], [DATEFIN]) VALUES (937, 4, 23, 63, CAST(N'2018-04-30' AS Date), CAST(N'2018-02-09' AS Date))
GO
INSERT [dbo].[LOCATIONS] ([ID], [CLIENTID], [VEHICULEID], [NBKM], [DATEDEBUT], [DATEFIN]) VALUES (938, 6, 19, 171, CAST(N'2018-03-10' AS Date), CAST(N'2018-01-15' AS Date))
GO
INSERT [dbo].[LOCATIONS] ([ID], [CLIENTID], [VEHICULEID], [NBKM], [DATEDEBUT], [DATEFIN]) VALUES (939, 23, 5, 300, CAST(N'2018-03-17' AS Date), CAST(N'2018-03-23' AS Date))
GO
INSERT [dbo].[LOCATIONS] ([ID], [CLIENTID], [VEHICULEID], [NBKM], [DATEDEBUT], [DATEFIN]) VALUES (940, 43, 10, 158, CAST(N'2017-12-19' AS Date), CAST(N'2018-01-18' AS Date))
GO
INSERT [dbo].[LOCATIONS] ([ID], [CLIENTID], [VEHICULEID], [NBKM], [DATEDEBUT], [DATEFIN]) VALUES (941, 16, 3, 300, CAST(N'2018-06-16' AS Date), CAST(N'2018-01-28' AS Date))
GO
INSERT [dbo].[LOCATIONS] ([ID], [CLIENTID], [VEHICULEID], [NBKM], [DATEDEBUT], [DATEFIN]) VALUES (942, 9, 22, 151, CAST(N'2018-07-13' AS Date), CAST(N'2018-03-21' AS Date))
GO
INSERT [dbo].[LOCATIONS] ([ID], [CLIENTID], [VEHICULEID], [NBKM], [DATEDEBUT], [DATEFIN]) VALUES (943, 26, 10, 207, CAST(N'2017-12-06' AS Date), CAST(N'2017-12-13' AS Date))
GO
INSERT [dbo].[LOCATIONS] ([ID], [CLIENTID], [VEHICULEID], [NBKM], [DATEDEBUT], [DATEFIN]) VALUES (944, 41, 3, 105, CAST(N'2018-07-08' AS Date), CAST(N'2018-04-29' AS Date))
GO
INSERT [dbo].[LOCATIONS] ([ID], [CLIENTID], [VEHICULEID], [NBKM], [DATEDEBUT], [DATEFIN]) VALUES (945, 5, 5, 246, CAST(N'2017-12-03' AS Date), CAST(N'2018-03-17' AS Date))
GO
INSERT [dbo].[LOCATIONS] ([ID], [CLIENTID], [VEHICULEID], [NBKM], [DATEDEBUT], [DATEFIN]) VALUES (946, 3, 17, 213, CAST(N'2018-05-13' AS Date), CAST(N'2018-06-25' AS Date))
GO
INSERT [dbo].[LOCATIONS] ([ID], [CLIENTID], [VEHICULEID], [NBKM], [DATEDEBUT], [DATEFIN]) VALUES (947, 20, 24, 124, CAST(N'2018-07-14' AS Date), CAST(N'2018-04-18' AS Date))
GO
INSERT [dbo].[LOCATIONS] ([ID], [CLIENTID], [VEHICULEID], [NBKM], [DATEDEBUT], [DATEFIN]) VALUES (948, 25, 10, 88, CAST(N'2017-12-04' AS Date), CAST(N'2017-12-16' AS Date))
GO
INSERT [dbo].[LOCATIONS] ([ID], [CLIENTID], [VEHICULEID], [NBKM], [DATEDEBUT], [DATEFIN]) VALUES (949, 7, 2, 111, CAST(N'2018-05-12' AS Date), CAST(N'2017-12-31' AS Date))
GO
INSERT [dbo].[LOCATIONS] ([ID], [CLIENTID], [VEHICULEID], [NBKM], [DATEDEBUT], [DATEFIN]) VALUES (950, 11, 14, 74, CAST(N'2018-04-27' AS Date), CAST(N'2018-06-23' AS Date))
GO
INSERT [dbo].[LOCATIONS] ([ID], [CLIENTID], [VEHICULEID], [NBKM], [DATEDEBUT], [DATEFIN]) VALUES (951, 22, 24, 278, CAST(N'2018-01-23' AS Date), CAST(N'2018-06-30' AS Date))
GO
INSERT [dbo].[LOCATIONS] ([ID], [CLIENTID], [VEHICULEID], [NBKM], [DATEDEBUT], [DATEFIN]) VALUES (952, 28, 24, 264, CAST(N'2018-07-05' AS Date), CAST(N'2018-06-05' AS Date))
GO
INSERT [dbo].[LOCATIONS] ([ID], [CLIENTID], [VEHICULEID], [NBKM], [DATEDEBUT], [DATEFIN]) VALUES (953, 44, 25, 217, CAST(N'2018-06-12' AS Date), CAST(N'2018-02-13' AS Date))
GO
INSERT [dbo].[LOCATIONS] ([ID], [CLIENTID], [VEHICULEID], [NBKM], [DATEDEBUT], [DATEFIN]) VALUES (954, 5, 5, 137, CAST(N'2018-02-08' AS Date), CAST(N'2018-07-23' AS Date))
GO
INSERT [dbo].[LOCATIONS] ([ID], [CLIENTID], [VEHICULEID], [NBKM], [DATEDEBUT], [DATEFIN]) VALUES (955, 33, 17, 58, CAST(N'2018-06-12' AS Date), CAST(N'2017-12-07' AS Date))
GO
INSERT [dbo].[LOCATIONS] ([ID], [CLIENTID], [VEHICULEID], [NBKM], [DATEDEBUT], [DATEFIN]) VALUES (956, 14, 18, 294, CAST(N'2017-11-21' AS Date), CAST(N'2018-05-11' AS Date))
GO
INSERT [dbo].[LOCATIONS] ([ID], [CLIENTID], [VEHICULEID], [NBKM], [DATEDEBUT], [DATEFIN]) VALUES (957, 8, 16, 248, CAST(N'2017-12-10' AS Date), CAST(N'2018-06-11' AS Date))
GO
INSERT [dbo].[LOCATIONS] ([ID], [CLIENTID], [VEHICULEID], [NBKM], [DATEDEBUT], [DATEFIN]) VALUES (958, 43, 3, 217, CAST(N'2018-01-07' AS Date), CAST(N'2018-01-04' AS Date))
GO
INSERT [dbo].[LOCATIONS] ([ID], [CLIENTID], [VEHICULEID], [NBKM], [DATEDEBUT], [DATEFIN]) VALUES (959, 17, 22, 147, CAST(N'2017-12-11' AS Date), CAST(N'2018-03-04' AS Date))
GO
INSERT [dbo].[LOCATIONS] ([ID], [CLIENTID], [VEHICULEID], [NBKM], [DATEDEBUT], [DATEFIN]) VALUES (960, 19, 24, 135, CAST(N'2018-02-05' AS Date), CAST(N'2018-06-08' AS Date))
GO
INSERT [dbo].[LOCATIONS] ([ID], [CLIENTID], [VEHICULEID], [NBKM], [DATEDEBUT], [DATEFIN]) VALUES (961, 39, 6, 165, CAST(N'2018-05-28' AS Date), CAST(N'2018-07-31' AS Date))
GO
INSERT [dbo].[LOCATIONS] ([ID], [CLIENTID], [VEHICULEID], [NBKM], [DATEDEBUT], [DATEFIN]) VALUES (962, 35, 14, 218, CAST(N'2017-11-05' AS Date), CAST(N'2018-01-12' AS Date))
GO
INSERT [dbo].[LOCATIONS] ([ID], [CLIENTID], [VEHICULEID], [NBKM], [DATEDEBUT], [DATEFIN]) VALUES (963, 39, 6, 154, CAST(N'2018-07-23' AS Date), CAST(N'2018-04-25' AS Date))
GO
INSERT [dbo].[LOCATIONS] ([ID], [CLIENTID], [VEHICULEID], [NBKM], [DATEDEBUT], [DATEFIN]) VALUES (964, 11, 17, 185, CAST(N'2017-12-10' AS Date), CAST(N'2017-12-28' AS Date))
GO
INSERT [dbo].[LOCATIONS] ([ID], [CLIENTID], [VEHICULEID], [NBKM], [DATEDEBUT], [DATEFIN]) VALUES (965, 43, 24, 103, CAST(N'2017-12-08' AS Date), CAST(N'2018-03-15' AS Date))
GO
INSERT [dbo].[LOCATIONS] ([ID], [CLIENTID], [VEHICULEID], [NBKM], [DATEDEBUT], [DATEFIN]) VALUES (966, 18, 27, 193, CAST(N'2017-12-22' AS Date), CAST(N'2018-07-16' AS Date))
GO
INSERT [dbo].[LOCATIONS] ([ID], [CLIENTID], [VEHICULEID], [NBKM], [DATEDEBUT], [DATEFIN]) VALUES (967, 7, 23, 222, CAST(N'2018-05-24' AS Date), CAST(N'2018-03-05' AS Date))
GO
INSERT [dbo].[LOCATIONS] ([ID], [CLIENTID], [VEHICULEID], [NBKM], [DATEDEBUT], [DATEFIN]) VALUES (968, 32, 1, 61, CAST(N'2018-07-20' AS Date), CAST(N'2018-02-04' AS Date))
GO
INSERT [dbo].[LOCATIONS] ([ID], [CLIENTID], [VEHICULEID], [NBKM], [DATEDEBUT], [DATEFIN]) VALUES (969, 1, 1, 219, CAST(N'2017-11-16' AS Date), CAST(N'2018-05-02' AS Date))
GO
INSERT [dbo].[LOCATIONS] ([ID], [CLIENTID], [VEHICULEID], [NBKM], [DATEDEBUT], [DATEFIN]) VALUES (971, 16, 14, 179, CAST(N'2018-05-30' AS Date), CAST(N'2018-01-28' AS Date))
GO
INSERT [dbo].[LOCATIONS] ([ID], [CLIENTID], [VEHICULEID], [NBKM], [DATEDEBUT], [DATEFIN]) VALUES (972, 8, 16, 134, CAST(N'2018-06-17' AS Date), CAST(N'2018-07-07' AS Date))
GO
INSERT [dbo].[LOCATIONS] ([ID], [CLIENTID], [VEHICULEID], [NBKM], [DATEDEBUT], [DATEFIN]) VALUES (973, 21, 5, 95, CAST(N'2018-04-05' AS Date), CAST(N'2018-04-19' AS Date))
GO
INSERT [dbo].[LOCATIONS] ([ID], [CLIENTID], [VEHICULEID], [NBKM], [DATEDEBUT], [DATEFIN]) VALUES (974, 39, 19, 242, CAST(N'2017-12-18' AS Date), CAST(N'2018-06-09' AS Date))
GO
INSERT [dbo].[LOCATIONS] ([ID], [CLIENTID], [VEHICULEID], [NBKM], [DATEDEBUT], [DATEFIN]) VALUES (975, 25, 17, 158, CAST(N'2017-11-18' AS Date), CAST(N'2018-07-28' AS Date))
GO
INSERT [dbo].[LOCATIONS] ([ID], [CLIENTID], [VEHICULEID], [NBKM], [DATEDEBUT], [DATEFIN]) VALUES (976, 13, 21, 83, CAST(N'2018-01-30' AS Date), CAST(N'2018-04-28' AS Date))
GO
INSERT [dbo].[LOCATIONS] ([ID], [CLIENTID], [VEHICULEID], [NBKM], [DATEDEBUT], [DATEFIN]) VALUES (977, 9, 19, 142, CAST(N'2017-11-11' AS Date), CAST(N'2018-06-17' AS Date))
GO
INSERT [dbo].[LOCATIONS] ([ID], [CLIENTID], [VEHICULEID], [NBKM], [DATEDEBUT], [DATEFIN]) VALUES (979, 28, 5, 265, CAST(N'2018-06-22' AS Date), CAST(N'2017-12-28' AS Date))
GO
INSERT [dbo].[LOCATIONS] ([ID], [CLIENTID], [VEHICULEID], [NBKM], [DATEDEBUT], [DATEFIN]) VALUES (980, 8, 30, 167, CAST(N'2017-12-20' AS Date), CAST(N'2018-04-21' AS Date))
GO
INSERT [dbo].[LOCATIONS] ([ID], [CLIENTID], [VEHICULEID], [NBKM], [DATEDEBUT], [DATEFIN]) VALUES (982, 4, 30, 173, CAST(N'2018-06-15' AS Date), CAST(N'2018-04-08' AS Date))
GO
INSERT [dbo].[LOCATIONS] ([ID], [CLIENTID], [VEHICULEID], [NBKM], [DATEDEBUT], [DATEFIN]) VALUES (983, 32, 8, 267, CAST(N'2018-02-21' AS Date), CAST(N'2018-08-16' AS Date))
GO
INSERT [dbo].[LOCATIONS] ([ID], [CLIENTID], [VEHICULEID], [NBKM], [DATEDEBUT], [DATEFIN]) VALUES (984, 27, 24, 128, CAST(N'2017-12-09' AS Date), CAST(N'2018-06-18' AS Date))
GO
INSERT [dbo].[LOCATIONS] ([ID], [CLIENTID], [VEHICULEID], [NBKM], [DATEDEBUT], [DATEFIN]) VALUES (985, 28, 25, 170, CAST(N'2018-05-16' AS Date), CAST(N'2018-06-09' AS Date))
GO
INSERT [dbo].[LOCATIONS] ([ID], [CLIENTID], [VEHICULEID], [NBKM], [DATEDEBUT], [DATEFIN]) VALUES (986, 49, 18, 192, CAST(N'2018-04-22' AS Date), CAST(N'2018-07-16' AS Date))
GO
INSERT [dbo].[LOCATIONS] ([ID], [CLIENTID], [VEHICULEID], [NBKM], [DATEDEBUT], [DATEFIN]) VALUES (987, 14, 3, 229, CAST(N'2017-12-04' AS Date), CAST(N'2018-07-27' AS Date))
GO
INSERT [dbo].[LOCATIONS] ([ID], [CLIENTID], [VEHICULEID], [NBKM], [DATEDEBUT], [DATEFIN]) VALUES (988, 3, 20, 282, CAST(N'2018-03-06' AS Date), CAST(N'2018-03-05' AS Date))
GO
INSERT [dbo].[LOCATIONS] ([ID], [CLIENTID], [VEHICULEID], [NBKM], [DATEDEBUT], [DATEFIN]) VALUES (989, 6, 15, 156, CAST(N'2018-04-06' AS Date), CAST(N'2018-08-13' AS Date))
GO
INSERT [dbo].[LOCATIONS] ([ID], [CLIENTID], [VEHICULEID], [NBKM], [DATEDEBUT], [DATEFIN]) VALUES (990, 19, 18, 150, CAST(N'2018-07-15' AS Date), CAST(N'2018-06-15' AS Date))
GO
INSERT [dbo].[LOCATIONS] ([ID], [CLIENTID], [VEHICULEID], [NBKM], [DATEDEBUT], [DATEFIN]) VALUES (991, 16, 16, 192, CAST(N'2018-07-15' AS Date), CAST(N'2017-12-11' AS Date))
GO
INSERT [dbo].[LOCATIONS] ([ID], [CLIENTID], [VEHICULEID], [NBKM], [DATEDEBUT], [DATEFIN]) VALUES (992, 9, 5, 92, CAST(N'2018-03-23' AS Date), CAST(N'2018-04-22' AS Date))
GO
INSERT [dbo].[LOCATIONS] ([ID], [CLIENTID], [VEHICULEID], [NBKM], [DATEDEBUT], [DATEFIN]) VALUES (993, 26, 9, 109, CAST(N'2018-06-15' AS Date), CAST(N'2018-08-02' AS Date))
GO
INSERT [dbo].[LOCATIONS] ([ID], [CLIENTID], [VEHICULEID], [NBKM], [DATEDEBUT], [DATEFIN]) VALUES (994, 47, 25, 147, CAST(N'2018-01-12' AS Date), CAST(N'2018-08-05' AS Date))
GO
INSERT [dbo].[LOCATIONS] ([ID], [CLIENTID], [VEHICULEID], [NBKM], [DATEDEBUT], [DATEFIN]) VALUES (995, 19, 27, 154, CAST(N'2018-04-28' AS Date), CAST(N'2018-04-27' AS Date))
GO
INSERT [dbo].[LOCATIONS] ([ID], [CLIENTID], [VEHICULEID], [NBKM], [DATEDEBUT], [DATEFIN]) VALUES (996, 9, 30, 57, CAST(N'2017-12-28' AS Date), CAST(N'2018-03-19' AS Date))
GO
INSERT [dbo].[LOCATIONS] ([ID], [CLIENTID], [VEHICULEID], [NBKM], [DATEDEBUT], [DATEFIN]) VALUES (997, 34, 14, 266, CAST(N'2018-05-04' AS Date), CAST(N'2018-04-15' AS Date))
GO
INSERT [dbo].[LOCATIONS] ([ID], [CLIENTID], [VEHICULEID], [NBKM], [DATEDEBUT], [DATEFIN]) VALUES (998, 19, 18, 171, CAST(N'2018-07-17' AS Date), CAST(N'2018-06-18' AS Date))
GO
INSERT [dbo].[LOCATIONS] ([ID], [CLIENTID], [VEHICULEID], [NBKM], [DATEDEBUT], [DATEFIN]) VALUES (999, 22, 16, 288, CAST(N'2018-07-07' AS Date), CAST(N'2018-04-19' AS Date))
GO
INSERT [dbo].[LOCATIONS] ([ID], [CLIENTID], [VEHICULEID], [NBKM], [DATEDEBUT], [DATEFIN]) VALUES (1000, 39, 29, 102, CAST(N'2017-12-11' AS Date), CAST(N'2018-06-20' AS Date))
GO
SET IDENTITY_INSERT [dbo].[LOCATIONS] OFF
GO
